product_id,product_name,product_url,current_price,original_price,discount_rate,rating,review_count,delivery_badge,is_rocket,crawled_at
3180741512,"나우푸드 실리마린 밀크 시슬 추출물 300mg 베지 캡슐, 200정, 1개",https://www.coupang.com/vp/products/7156986260?itemId=13254294391&vendorItemId=3180741512&pickType=COU_PICK&q=나우푸드&searchId=083c1b9690916&sourceType=search&itemsCount=36&searchRank=0&rank=0,"25,050원","47,510원",47%,5.0,79568,조건부 무료배송,True,2025-09-03T11:33:38.919369
3180741511,"나우푸드 더블 스트랭스 L-아르기닌 1000mg 타블렛, 120정, 1개",https://www.coupang.com/vp/products/7066907732?itemId=5013025207&vendorItemId=3180741511&q=나우푸드&searchId=083c1b9690916&sourceType=search&itemsCount=36&searchRank=1&rank=1,"19,500원","30,230원",35%,5.0,25033,조건부 무료배송,True,2025-09-03T11:33:38.919728
3265972233,"나우푸드 프로바이오틱-10 유산균 250억 베지 캡슐, 100정, 1개",https://www.coupang.com/vp/products/2638550?itemId=12788104766&vendorItemId=3265972233&q=나우푸드&searchId=083c1b9690916&sourceType=search&itemsCount=36&searchRank=2&rank=2,"29,990원","53,990원",44%,5.0,15014,무료배송,True,2025-09-03T11:33:38.920138
3087575897,"나우푸드 데일리 비츠 멀티비타민 & 미네랄 타블렛, 250정, 1개",https://www.coupang.com/vp/products/209272?itemId=24200226781&vendorItemId=3087575897&q=나우푸드&searchId=083c1b9690916&sourceType=search&itemsCount=36&searchRank=3&rank=3,"27,950원","34,550원",19%,5.0,12027,무료배송,True,2025-09-03T11:33:38.920463
70393847458,"나우푸드 멀레큐럴리 디스틸드 오메가3 1000mg 피쉬 소프트젤, 200정, 1개",https://www.coupang.com/vp/products/35838053?itemId=68202&vendorItemId=70393847458&q=나우푸드&searchId=083c1b9690916&sourceType=search&itemsCount=36&searchRank=4&rank=4,"18,840원","21,660원",13%,5.0,16146,조건부 무료배송,True,2025-09-03T11:33:38.920750
70393847077,"나우푸드 울트라 오메가 3 500 EPA & 250 DHA 1000mg 피쉬 소프트젤, 180정, 1개",https://www.coupang.com/vp/products/7559679373?itemId=10076200032&vendorItemId=70393847077&q=나우푸드&searchId=083c1b9690916&sourceType=search&itemsCount=36&searchRank=5&rank=5,"37,140원","42,690원",13%,5.0,35629,무료배송,True,2025-09-03T11:33:38.921033
3086574774,"나우푸드 아연 50mg, 250정, 1개",https://www.coupang.com/vp/products/6395389697?itemId=12107900018&vendorItemId=3086574774&q=나우푸드&searchId=083c1b9690916&sourceType=search&itemsCount=36&searchRank=6&rank=6,"12,040원","15,110원",20%,5.0,20075,조건부 무료배송,True,2025-09-03T11:33:38.921311
3531485704,"나우푸드 글루타티온 500mg 베지 캡슐, 60정, 1개",https://www.coupang.com/vp/products/208403063?itemId=220021146&vendorItemId=3531485704&q=나우푸드&searchId=083c1b9690916&sourceType=search&itemsCount=36&searchRank=7&rank=7,"27,060원","31,110원",13%,5.0,5038,무료배송,True,2025-09-03T11:33:38.921583
3180742161,"나우푸드 L-카르니틴 1000 mg 타블렛, 100정, 1개",https://www.coupang.com/vp/products/7648633891?itemId=20733109053&vendorItemId=3180742161&q=나우푸드&searchId=083c1b9690916&sourceType=search&itemsCount=36&searchRank=8&rank=8,"27,970원","71,270원",60%,5.0,6505,무료배송,True,2025-09-03T11:33:38.921855
3085763155,"나우푸드 마그네슘 캡 400mg 베지 캡슐, 180정, 1개",https://www.coupang.com/vp/products/26208?itemId=65370&vendorItemId=3085763155&q=나우푸드&searchId=083c1b9690916&sourceType=search&itemsCount=36&searchRank=9&rank=9,"14,790원","19,430원",23%,5.0,8041,조건부 무료배송,True,2025-09-03T11:33:38.922203
88994209167,"나우푸드 글루타티온 500mg 베지 캡슐, 1개, 120정",https://www.coupang.com/vp/products/7951161937?itemId=19370850391&vendorItemId=88994209167&q=나우푸드&searchId=083c1b9690916&sourceType=search&itemsCount=36&searchRank=10&rank=10,"44,650원","51,330원",13%,5.0,1939,무료배송,True,2025-09-03T11:33:38.922517
4183833410,"나우푸드 커큐민 베지 캡슐, 120정, 1개",https://www.coupang.com/vp/products/5573663?itemId=24195362584&vendorItemId=4183833410&q=나우푸드&searchId=083c1b9690916&sourceType=search&itemsCount=36&searchRank=11&rank=11,"35,260원","40,530원",13%,5.0,2413,무료배송,True,2025-09-03T11:33:38.922792
88994209514,"나우푸드 메가 D-3 5000 lU & MK-7 180mcg 캡슐, 1개, 120정",https://www.coupang.com/vp/products/7951161811?itemId=21946377917&vendorItemId=88994209514&q=나우푸드&searchId=083c1b9690916&sourceType=search&itemsCount=36&searchRank=12&rank=12,"27,570원","31,700원",13%,5.0,487,무료배송,True,2025-09-03T11:33:38.923067
3270590452,"나우푸드 아담 슈페리어 남성용 멀티 타블렛, 120정, 1개",https://www.coupang.com/vp/products/2367257?itemId=2076403&vendorItemId=3270590452&q=나우푸드&searchId=083c1b9690916&sourceType=search&itemsCount=36&searchRank=13&rank=13,"31,720원","47,510원",33%,5.0,1573,무료배송,True,2025-09-03T11:33:38.923339
70393847331,"나우푸드 마그네슘 글리시네이트 타블렛, 180정, 1개",https://www.coupang.com/vp/products/1366689007?itemId=23951551099&vendorItemId=70393847331&q=나우푸드&searchId=083c1b9690916&sourceType=search&itemsCount=36&searchRank=14&rank=14,"23,400원","26,900원",13%,5.0,5023,조건부 무료배송,True,2025-09-03T11:33:38.923657
3086380344,"나우푸드 케르세틴 브로멜라인 베지 캡슐, 120정, 1개",https://www.coupang.com/vp/products/29343?itemId=5845444092&vendorItemId=3086380344&q=나우푸드&searchId=083c1b9690916&sourceType=search&itemsCount=36&searchRank=15&rank=15,"27,680원","34,550원",19%,5.0,3079,무료배송,True,2025-09-03T11:33:38.923936
3272554194,"나우푸드 C-1000 타블렛, 250정, 1개",https://www.coupang.com/vp/products/2666401?itemId=2448398&vendorItemId=3272554194&q=나우푸드&searchId=083c1b9690916&sourceType=search&itemsCount=36&searchRank=16&rank=16,"22,050원","25,350원",13%,5.0,7428,조건부 무료배송,True,2025-09-03T11:33:38.924217
3086361459,"나우푸드 CoQ10 100mg 소프트젤, 150정, 1개",https://www.coupang.com/vp/products/8402647744?itemId=24143102323&vendorItemId=3086361459&q=나우푸드&searchId=083c1b9690916&sourceType=search&itemsCount=36&searchRank=17&rank=17,"35,610원","60,470원",41%,5.0,2687,무료배송,True,2025-09-03T11:33:38.924497
3087575875,"나우푸드 데일리 비츠 멀티비타민 & 미네랄 타블렛, 100정, 1개",https://www.coupang.com/vp/products/209272?itemId=24071636506&vendorItemId=3087575875&q=나우푸드&searchId=083c1b9690916&sourceType=search&itemsCount=36&searchRank=18&rank=18,"15,030원","17,090원",12%,5.0,12027,조건부 무료배송,True,2025-09-03T11:33:38.924773
3265897568,"나우푸드 울트라 오메가3-D 600EPA 300DHA 피쉬 소프트젤, 180정, 1개",https://www.coupang.com/vp/products/1969918?itemId=8797674&vendorItemId=3265897568&q=나우푸드&searchId=083c1b9690916&sourceType=search&itemsCount=36&searchRank=19&rank=19,"40,260원","53,990원",25%,5.0,3690,무료배송,True,2025-09-03T11:33:38.925045
3180780224,"나우푸드 루테인 10mg 소프트젤, 120정, 1개",https://www.coupang.com/vp/products/438506?itemId=1199608&vendorItemId=3180780224&q=나우푸드&searchId=083c1b9690916&sourceType=search&itemsCount=36&searchRank=20&rank=20,"16,260원","29,150원",44%,5.0,9444,조건부 무료배송,True,2025-09-03T11:33:38.925325
3086438015,"나우푸드 브로멜라인 2400GDU/g-500mg 베지 캡슐, 120정, 1개",https://www.coupang.com/vp/products/29245?itemId=70260&vendorItemId=3086438015&q=나우푸드&searchId=083c1b9690916&sourceType=search&itemsCount=36&searchRank=21&rank=21,"28,260원","32,490원",13%,5.0,3000,무료배송,True,2025-09-03T11:33:38.925598
90023172010,"나우푸드 Super Enzymes 캡슐, 1개, 180정",https://www.coupang.com/vp/products/8673673748?itemId=16189356070&vendorItemId=90023172010&q=나우푸드&searchId=083c1b9690916&sourceType=search&itemsCount=36&searchRank=22&rank=22,"31,990원","36,780원",13%,5.0,237,무료배송,True,2025-09-03T11:33:38.925876
72495291625,"나우푸드 비오틴 5000mcg 베지 캡슐 비건, 120정, 1개",https://www.coupang.com/vp/products/1955584555?itemId=23409820872&vendorItemId=72495291625&q=나우푸드&searchId=083c1b9690916&sourceType=search&itemsCount=36&searchRank=23&rank=23,"12,770원",,,5.0,14260,조건부 무료배송,True,2025-09-03T11:33:38.926146
4503633707,"나우푸드 L-리신 1000mg 타블렛, 250정, 1개",https://www.coupang.com/vp/products/4004931?itemId=21566692857&vendorItemId=4503633707&q=나우푸드&searchId=083c1b9690916&sourceType=search&itemsCount=36&searchRank=24&rank=24,"22,970원",,,5.0,1538,조건부 무료배송,True,2025-09-03T11:33:38.926415
3275509624,"나우푸드 포스파티딜 세린 100mg 베지 캡슐 비건, 120정, 1개",https://www.coupang.com/vp/products/3250936?itemId=65397&vendorItemId=3275509624&q=나우푸드&searchId=083c1b9690916&sourceType=search&itemsCount=36&searchRank=25&rank=25,"41,620원","64,790원",35%,5.0,540,무료배송,True,2025-09-03T11:33:38.926692
89967270366,"나우푸드 마카 500mg 베지 캡슐, 1개, 250정",https://www.coupang.com/vp/products/8184474064?itemId=22932912282&vendorItemId=89967270366&q=나우푸드&searchId=083c1b9690916&sourceType=search&itemsCount=36&searchRank=26&rank=26,"16,200원",,,5.0,585,조건부 무료배송,True,2025-09-03T11:33:38.926956
3280769420,"나우푸드 커큐민 베지 캡슐, 60정, 1개",https://www.coupang.com/vp/products/5573663?itemId=15789452587&vendorItemId=3280769420&q=나우푸드&searchId=083c1b9690916&sourceType=search&itemsCount=36&searchRank=27&rank=27,"22,900원","53,990원",57%,5.0,2413,조건부 무료배송,True,2025-09-03T11:33:38.927231
3272967564,"나우푸드 비타민 D-3 10000IU 소프트젤, 120정, 1개",https://www.coupang.com/vp/products/2495701?itemId=2075683&vendorItemId=3272967564&q=나우푸드&searchId=083c1b9690916&sourceType=search&itemsCount=36&searchRank=28&rank=28,"12,890원","18,350원",29%,5.0,2583,조건부 무료배송,True,2025-09-03T11:33:38.927513
3146720645,"나우푸드 실리엄 허스크 700mg 베지 캡슐, 180정, 1개",https://www.coupang.com/vp/products/356510?itemId=882394&vendorItemId=3146720645&q=나우푸드&searchId=083c1b9690916&sourceType=search&itemsCount=36&searchRank=29&rank=29,"16,710원","19,210원",13%,4.5,1655,조건부 무료배송,True,2025-09-03T11:33:38.927791
3086685173,"나우푸드 L-아르기닌 500mg 캡슐, 100정, 1개",https://www.coupang.com/vp/products/27897?itemId=17439985821&vendorItemId=3086685173&q=나우푸드&searchId=083c1b9690916&sourceType=search&itemsCount=36&searchRank=30&rank=30,"10,580원","12,950원",18%,5.0,8094,조건부 무료배송,True,2025-09-03T11:33:38.928064
3180741515,"나우푸드 실리마린 밀크 시슬 추출물 300mg 베지 캡슐, 100정, 1개",https://www.coupang.com/vp/products/7156986260?itemId=13631129686&vendorItemId=3180741515&q=나우푸드&searchId=083c1b9690916&sourceType=search&itemsCount=36&searchRank=31&rank=31,"17,420원","28,070원",37%,5.0,79568,조건부 무료배송,True,2025-09-03T11:33:38.928338
3086361478,"나우푸드 엽산 800mcg 비타민 B-12 타블렛, 250정, 1개",https://www.coupang.com/vp/products/29304?itemId=70356&vendorItemId=3086361478&q=나우푸드&searchId=083c1b9690916&sourceType=search&itemsCount=36&searchRank=32&rank=32,"8,170원","9,400원",13%,5.0,3080,조건부 무료배송,True,2025-09-03T11:33:38.928617
89967270672,"나우푸드 마카 500mg 베지 캡슐, 1개, 100정",https://www.coupang.com/vp/products/8402642056?itemId=22932912624&vendorItemId=89967270672&q=나우푸드&searchId=083c1b9690916&sourceType=search&itemsCount=36&searchRank=33&rank=33,"9,770원","11,240원",13%,5.0,161,조건부 무료배송,True,2025-09-03T11:33:38.928900
3086360450,"나우푸드 EGCg 녹차 추출물 400mg 베지 캡슐, 1개, 90정",https://www.coupang.com/vp/products/8289177965?itemId=17346845686&vendorItemId=3086360450&q=나우푸드&searchId=083c1b9690916&sourceType=search&itemsCount=36&searchRank=34&rank=34,"11,780원","16,190원",27%,4.5,1436,조건부 무료배송,True,2025-09-03T11:33:38.929179
3086380391,"나우푸드 포타슘 시트레이트 99mg 캡슐, 1개, 180정",https://www.coupang.com/vp/products/29208?itemId=70183&vendorItemId=3086380391&q=나우푸드&searchId=083c1b9690916&sourceType=search&itemsCount=36&searchRank=35&rank=35,"13,230원",,,5.0,5107,조건부 무료배송,True,2025-09-03T11:33:38.929449
3180741515,"나우푸드 실리마린 밀크 시슬 추출물 300mg 베지 캡슐, 100정, 1개",https://www.coupang.com/vp/products/7156986260?itemId=13631129686&vendorItemId=3180741515&q=나우푸드&searchId=a705f7c071695&sourceType=search&itemsCount=36&searchRank=36&rank=36,"17,420원","28,070원",37%,5.0,79568,조건부 무료배송,True,2025-09-03T11:34:07.886927
3086685173,"나우푸드 L-아르기닌 500mg 캡슐, 100정, 1개",https://www.coupang.com/vp/products/27897?itemId=17439985821&vendorItemId=3086685173&q=나우푸드&searchId=a705f7c071695&sourceType=search&itemsCount=36&searchRank=37&rank=37,"10,580원","12,950원",18%,5.0,8094,조건부 무료배송,True,2025-09-03T11:34:07.887214
3180779377,"나우푸드 가르시니아 1000mg 타블렛, 120정, 1개",https://www.coupang.com/vp/products/8136129971?itemId=1199582&vendorItemId=3180779377&q=나우푸드&searchId=a705f7c071695&sourceType=search&itemsCount=36&searchRank=38&rank=38,"19,870원","28,070원",29%,4.5,2896,조건부 무료배송,True,2025-09-03T11:34:07.887495
90023171979,"나우푸드 Super Enzymes 캡슐, 90정, 1개, 90정",https://www.coupang.com/vp/products/8289187179?itemId=20117688902&vendorItemId=90023171979&q=나우푸드&searchId=a705f7c071695&sourceType=search&itemsCount=36&searchRank=39&rank=39,"19,770원","22,730원",13%,5.0,145,조건부 무료배송,True,2025-09-03T11:34:07.887771
3146720968,"나우푸드 키토산 500mg 베지 캡슐, 240정, 1개",https://www.coupang.com/vp/products/8136129794?itemId=882372&vendorItemId=3146720968&q=나우푸드&searchId=a705f7c071695&sourceType=search&itemsCount=36&searchRank=40&rank=40,"29,980원","38,870원",22%,4.5,6067,무료배송,True,2025-09-03T11:34:07.888050
3280769420,"나우푸드 커큐민 베지 캡슐, 60정, 1개",https://www.coupang.com/vp/products/5573663?itemId=15789452587&vendorItemId=3280769420&q=나우푸드&searchId=a705f7c071695&sourceType=search&itemsCount=36&searchRank=41&rank=41,"22,900원","53,990원",57%,5.0,2413,조건부 무료배송,True,2025-09-03T11:34:07.888329
3276044404,"나우푸드 셀레늄 200mcg 베지 캡슐, 1개, 180정",https://www.coupang.com/vp/products/26200?itemId=65359&vendorItemId=3276044404&q=나우푸드&searchId=a705f7c071695&sourceType=search&itemsCount=36&searchRank=42&rank=42,"13,480원","20,510원",34%,5.0,3029,조건부 무료배송,True,2025-09-03T11:34:07.888686
3180780249,"나우푸드 쏘 팔메토 베리즈 550mg 캡슐, 1개, 100정",https://www.coupang.com/vp/products/8289186862?itemId=13015793179&vendorItemId=3180780249&q=나우푸드&searchId=a705f7c071695&sourceType=search&itemsCount=36&searchRank=43&rank=43,"12,030원","13,830원",13%,4.5,1034,조건부 무료배송,True,2025-09-03T11:34:07.888964
3213626271,"나우푸드 비타민 D-3 1000 IU 츄어블, 180정, 1개",https://www.coupang.com/vp/products/587388?itemId=2073409&vendorItemId=3213626271&q=나우푸드&searchId=a705f7c071695&sourceType=search&itemsCount=36&searchRank=44&rank=44,"9,170원","12,950원",29%,5.0,2928,조건부 무료배송,True,2025-09-03T11:34:07.889243
3275482490,"나우푸드 L-타이로신 500mg 캡슐, 120정, 1개",https://www.coupang.com/vp/products/3250876?itemId=65373&vendorItemId=3275482490&q=나우푸드&searchId=a705f7c071695&sourceType=search&itemsCount=36&searchRank=45&rank=45,"13,600원","17,270원",21%,4.5,1431,조건부 무료배송,True,2025-09-03T11:34:07.889520
3213995873,"나우푸드 크랜베리 베지 캡슐, 90정, 1개",https://www.coupang.com/vp/products/213570881?itemId=11287039564&vendorItemId=3213995873&q=나우푸드&searchId=a705f7c071695&sourceType=search&itemsCount=36&searchRank=46&rank=46,"16,830원","19,430원",13%,5.0,4327,조건부 무료배송,True,2025-09-03T11:34:07.889801
4503689317,"나우푸드 아슈와간다 450mg 베지 캡슐, 180정, 1개",https://www.coupang.com/vp/products/198179228?itemId=572699985&vendorItemId=4503689317&q=나우푸드&searchId=a705f7c071695&sourceType=search&itemsCount=36&searchRank=47&rank=47,"19,290원","22,180원",13%,5.0,712,조건부 무료배송,True,2025-09-03T11:34:07.890075
3272970831,"나우푸드 아연 50mg 타블렛, 100정, 1개",https://www.coupang.com/vp/products/8402629321?itemId=23378796956&vendorItemId=3272970831&q=나우푸드&searchId=a705f7c071695&sourceType=search&itemsCount=36&searchRank=48&rank=48,"7,890원","9,080원",13%,4.5,2664,조건부 무료배송,True,2025-09-03T11:34:07.890350
3086437988,"나우푸드 다이어트 서포트 베지 캡슐, 120정, 1개",https://www.coupang.com/vp/products/6524004908?itemId=14465810915&vendorItemId=3086437988&q=나우푸드&searchId=a705f7c071695&sourceType=search&itemsCount=36&searchRank=49&rank=49,"21,840원","33,470원",34%,4.5,1554,조건부 무료배송,True,2025-09-03T11:34:07.890629
3086626931,"나우푸드 L-글루타민 500mg 베지 캡슐, 120정, 1개",https://www.coupang.com/vp/products/6604214309?itemId=14948586022&vendorItemId=3086626931&q=나우푸드&searchId=a705f7c071695&sourceType=search&itemsCount=36&searchRank=50&rank=50,"11,580원","16,190원",28%,5.0,2736,조건부 무료배송,True,2025-09-03T11:34:07.890903
3086684815,"나우푸드 L-아르기닌 500mg 캡슐, 250정, 1개",https://www.coupang.com/vp/products/27897?itemId=68212&vendorItemId=3086684815&q=나우푸드&searchId=a705f7c071695&sourceType=search&itemsCount=36&searchRank=51&rank=51,"18,600원","25,910원",28%,5.0,8094,조건부 무료배송,True,2025-09-03T11:34:07.891176
3086627227,"나우푸드 80억 아시도필러스 & 비피더스 유산균 베지 캡슐 글루텐 프리, 60정, 1개",https://www.coupang.com/vp/products/7650769035?itemId=17430507790&vendorItemId=3086627227&q=나우푸드&searchId=a705f7c071695&sourceType=search&itemsCount=36&searchRank=52&rank=52,"14,340원","30,230원",52%,4.5,425,조건부 무료배송,True,2025-09-03T11:34:07.891455
3086400292,"나우푸드 베타-글루칸 베지 캡슐, 60정, 1개",https://www.coupang.com/vp/products/29283?itemId=21046647894&vendorItemId=3086400292&q=나우푸드&searchId=a705f7c071695&sourceType=search&itemsCount=36&searchRank=53&rank=53,"17,130원","26,990원",36%,5.0,6305,조건부 무료배송,True,2025-09-03T11:34:07.891723
3086644774,"나우푸드 철분 18mg 베지 캡슐, 120정, 1개",https://www.coupang.com/vp/products/2557580?itemId=3108009001&vendorItemId=3086644774&q=나우푸드&searchId=a705f7c071695&sourceType=search&itemsCount=36&searchRank=54&rank=54,"10,480원","12,050원",13%,5.0,2777,조건부 무료배송,True,2025-09-03T11:34:07.892044
88994200972,"나우푸드 가바 500mg 베지 캡슐, 1개, 200정",https://www.coupang.com/vp/products/8289150678?itemId=21946368551&vendorItemId=88994200972&q=나우푸드&searchId=a705f7c071695&sourceType=search&itemsCount=36&searchRank=55&rank=55,"18,900원","21,730원",13%,4.5,273,조건부 무료배송,True,2025-09-03T11:34:07.892318
3180840274,"나우푸드 브루어스 이스트 650mg 타블렛, 200정, 1개",https://www.coupang.com/vp/products/2487667?itemId=401434&vendorItemId=3180840274&q=나우푸드&searchId=a705f7c071695&sourceType=search&itemsCount=36&searchRank=56&rank=56,"12,070원","13,880원",13%,5.0,10644,조건부 무료배송,True,2025-09-03T11:34:07.892591
3086587278,"나우푸드 L-테아닌 100mg 베지 캡슐 비건, 90정, 1개",https://www.coupang.com/vp/products/13190956?itemId=55205591&vendorItemId=3086587278&q=나우푸드&searchId=a705f7c071695&sourceType=search&itemsCount=36&searchRank=57&rank=57,"14,850원","17,070원",13%,4.5,183,조건부 무료배송,True,2025-09-03T11:34:07.892862
89967271031,"나우푸드 더블 스트렝스 타우린 1000mg 베지 캡슐, 1개, 100정",https://www.coupang.com/vp/products/8104064905?itemId=22932913091&vendorItemId=89967271031&q=나우푸드&searchId=a705f7c071695&sourceType=search&itemsCount=36&searchRank=58&rank=58,"10,630원","12,220원",13%,5.0,517,조건부 무료배송,True,2025-09-03T11:34:07.893136
3085704433,"나우푸드 피 프로틴 파우더 단백질 보충제 언플레이버드, 907g, 1개",https://www.coupang.com/vp/products/1287590329?itemId=12702797833&vendorItemId=3085704433&q=나우푸드&searchId=a705f7c071695&sourceType=search&itemsCount=36&searchRank=59&rank=59,"29,020원","33,360원",13%,4.5,1664,무료배송,True,2025-09-03T11:34:07.893411
89967270973,"나우푸드 칼슘 & 마그네슘 소프트젤, 1개, 120정",https://www.coupang.com/vp/products/8184348874?itemId=22932913050&vendorItemId=89967270973&q=나우푸드&searchId=a705f7c071695&sourceType=search&itemsCount=36&searchRank=60&rank=60,"14,740원","16,950원",13%,5.0,10,조건부 무료배송,True,2025-09-03T11:34:07.893683
3086593644,"나우푸드 징코 빌로바 120mg 베지 캡슐, 1개, 100개입",https://www.coupang.com/vp/products/6601554192?itemId=401330&vendorItemId=3086593644&q=나우푸드&searchId=a705f7c071695&sourceType=search&itemsCount=36&searchRank=61&rank=61,"14,120원","21,590원",34%,5.0,325,조건부 무료배송,True,2025-09-03T11:34:07.893997
89967271043,"나우푸드 더블 스트렝스 타우린 1000mg 베지 캡슐, 1개, 250정",https://www.coupang.com/vp/products/8104064905?itemId=22932913093&vendorItemId=89967271043&q=나우푸드&searchId=a705f7c071695&sourceType=search&itemsCount=36&searchRank=62&rank=62,"20,600원","23,680원",13%,5.0,517,조건부 무료배송,True,2025-09-03T11:34:07.894270
4622065460,"나우푸드 D-마노스 500mg 베지 캡슐, 240정, 1개",https://www.coupang.com/vp/products/8184481272?itemId=19941172710&vendorItemId=4622065460&q=나우푸드&searchId=a705f7c071695&sourceType=search&itemsCount=36&searchRank=63&rank=63,"32,460원","37,320원",13%,5.0,438,무료배송,True,2025-09-03T11:34:07.894586
3278646203,"나우푸드 B-12 1000mcg 로젠지 비건, 250정, 1개",https://www.coupang.com/vp/products/3316288?itemId=68193&vendorItemId=3278646203&q=나우푸드&searchId=a705f7c071695&sourceType=search&itemsCount=36&searchRank=64&rank=64,"16,910원","19,440원",13%,5.0,3075,조건부 무료배송,True,2025-09-03T11:34:07.894863
92075675910,"나우푸드 KSM-66 아슈와간다 베지 캡슐, 1개, 90정",https://www.coupang.com/vp/products/8639624911?itemId=25071594211&vendorItemId=92075675910&q=나우푸드&searchId=a705f7c071695&sourceType=search&itemsCount=36&searchRank=65&rank=65,"21,730원","24,980원",13%,5.0,14,조건부 무료배송,True,2025-09-03T11:34:07.895134
3531370031,"나우푸드 히알루로닉 애시드 더블 스트렝스 100mg 베지 캡슐, 120정, 1개",https://www.coupang.com/vp/products/65095217?itemId=219977034&vendorItemId=3531370031&q=나우푸드&searchId=a705f7c071695&sourceType=search&itemsCount=36&searchRank=66&rank=66,"27,730원","53,990원",48%,4.5,2133,무료배송,True,2025-09-03T11:34:07.895489
4622065548,"나우푸드 MK-7 비타민 K-2 100mcg 베지 캡슐, 120개입, 1개, 120정",https://www.coupang.com/vp/products/208403088?itemId=618279147&vendorItemId=4622065548&q=나우푸드&searchId=a705f7c071695&sourceType=search&itemsCount=36&searchRank=67&rank=67,"24,360원","28,010원",13%,5.0,1043,조건부 무료배송,True,2025-09-03T11:34:07.895777
89967270487,"나우푸드 타우린 500mg 베지 캡슐, 1개, 100정",https://www.coupang.com/vp/products/8104064726?itemId=22932912480&vendorItemId=89967270487&q=나우푸드&searchId=a705f7c071695&sourceType=search&itemsCount=36&searchRank=68&rank=68,"7,820원","8,990원",13%,4.5,37,조건부 무료배송,True,2025-09-03T11:34:07.896049
92369354395,"나우푸드 베르베린 HCL 500mg 베지 캡슐, 1개, 90정",https://www.coupang.com/vp/products/8628825990?itemId=25375269486&vendorItemId=92369354395&q=나우푸드&searchId=a705f7c071695&sourceType=search&itemsCount=36&searchRank=69&rank=69,"28,010원","31,840원",12%,5.0,3,무료배송,True,2025-09-03T11:34:07.896322
3086585358,"나우푸드 GTF-크롬 200mcg 타블렛, 1개, 250정",https://www.coupang.com/vp/products/333452060?itemId=1064924543&vendorItemId=3086585358&q=나우푸드&searchId=a705f7c071695&sourceType=search&itemsCount=36&searchRank=70&rank=70,"15,920원","18,310원",13%,5.0,2152,조건부 무료배송,True,2025-09-03T11:34:07.896597
3085673560,"나우푸드 판크레아틴 2000 캡슐, 250정, 1개",https://www.coupang.com/vp/products/8136129895?itemId=65415&vendorItemId=3085673560&q=나우푸드&searchId=a705f7c071695&sourceType=search&itemsCount=36&searchRank=71&rank=71,"28,130원","32,340원",13%,5.0,2794,무료배송,True,2025-09-03T11:34:07.896880
3272548427,"나우푸드 C-1000 타블렛, 100정, 1개",https://www.coupang.com/vp/products/8204120630?itemId=2448397&vendorItemId=3272548427&q=나우푸드&searchId=16e3781910135755&sourceType=search&itemsCount=36&searchRank=72&rank=72,"11,780원","13,550원",13%,5.0,1594,조건부 무료배송,True,2025-09-03T11:34:37.188408
88994202443,"나우푸드 프로폴리스 2000 5:1 추출물 소프트젤, 1개, 90정",https://www.coupang.com/vp/products/7951160750?itemId=21946370043&vendorItemId=88994202443&q=나우푸드&searchId=16e3781910135755&sourceType=search&itemsCount=36&searchRank=73&rank=73,"20,700원","23,800원",13%,5.0,396,조건부 무료배송,True,2025-09-03T11:34:37.188738
3143415688,"나우푸드 칼-마그 캡슐, 240정, 1개",https://www.coupang.com/vp/products/7183608440?itemId=18253008295&vendorItemId=3143415688&q=나우푸드&searchId=16e3781910135755&sourceType=search&itemsCount=36&searchRank=74&rank=74,"25,250원","30,230원",16%,4.5,3625,조건부 무료배송,True,2025-09-03T11:34:37.189063
3272717686,"나우푸드 마그네슘 시트레이트 베지 캡슐, 120정, 1개",https://www.coupang.com/vp/products/2551300?itemId=65385&vendorItemId=3272717686&q=나우푸드&searchId=16e3781910135755&sourceType=search&itemsCount=36&searchRank=75&rank=75,"15,920원","18,350원",13%,5.0,4445,조건부 무료배송,True,2025-09-03T11:34:37.189390
3214213889,"나우푸드 실리엄 허스크 500mg 베지 캡슐, 500정, 1개",https://www.coupang.com/vp/products/6292605485?itemId=12971337022&vendorItemId=3214213889&q=나우푸드&searchId=16e3781910135755&sourceType=search&itemsCount=36&searchRank=76&rank=76,"25,160원","32,390원",22%,5.0,1868,조건부 무료배송,True,2025-09-03T11:34:37.189718
3272996756,"나우푸드 철분 36mg 베지 캡슐, 90정, 1개",https://www.coupang.com/vp/products/8181051045?itemId=12467643679&vendorItemId=3272996756&q=나우푸드&searchId=16e3781910135755&sourceType=search&itemsCount=36&searchRank=77&rank=77,"10,710원","16,190원",33%,5.0,1259,조건부 무료배송,True,2025-09-03T11:34:37.190047
3085673571,"나우푸드 판크레아틴 2000 캡슐, 100정, 1개",https://www.coupang.com/vp/products/8184309529?itemId=2075672&vendorItemId=3085673571&q=나우푸드&searchId=16e3781910135755&sourceType=search&itemsCount=36&searchRank=78&rank=78,"15,860원","18,230원",13%,4.5,927,조건부 무료배송,True,2025-09-03T11:34:37.190375
3085663872,"나우푸드 아르기닌 500mg & 오르니틴 250mg 캡슐, 250정, 1개",https://www.coupang.com/vp/products/13019156?itemId=20827643219&vendorItemId=3085663872&q=나우푸드&searchId=16e3781910135755&sourceType=search&itemsCount=36&searchRank=79&rank=79,"27,890원","43,190원",35%,4.5,5166,무료배송,True,2025-09-03T11:34:37.190701
3086644837,"나우푸드 콜린 & 이노시톨 500mg 캡슐, 100정, 1개",https://www.coupang.com/vp/products/28032?itemId=68085&vendorItemId=3086644837&q=나우푸드&searchId=16e3781910135755&sourceType=search&itemsCount=36&searchRank=80&rank=80,"13,190원","15,170원",13%,5.0,5652,조건부 무료배송,True,2025-09-03T11:34:37.191024
92369354412,"나우푸드 글리신 1000mg 베지 캡슐, 1개, 100정",https://www.coupang.com/vp/products/8732489934?itemId=25375269550&vendorItemId=92369354412&q=나우푸드&searchId=16e3781910135755&sourceType=search&itemsCount=36&searchRank=81&rank=81,"24,750원","28,450원",13%,5.0,2,조건부 무료배송,True,2025-09-03T11:34:37.191355
3272551133,"나우푸드 CoQ10 200mg 베지 캡슐 비건, 60정, 1개",https://www.coupang.com/vp/products/2671449?itemId=70344&vendorItemId=3272551133&q=나우푸드&searchId=16e3781910135755&sourceType=search&itemsCount=36&searchRank=82&rank=82,"23,300원","26,790원",13%,5.0,546,조건부 무료배송,True,2025-09-03T11:34:37.191678
3278548552,"나우푸드 B-12 1000mcg 로젠지 비건, 100정, 1개",https://www.coupang.com/vp/products/3316288?itemId=12040415651&vendorItemId=3278548552&q=나우푸드&searchId=16e3781910135755&sourceType=search&itemsCount=36&searchRank=83&rank=83,"9,690원","11,140원",13%,5.0,3075,조건부 무료배송,True,2025-09-03T11:34:37.192009
89967270858,"나우푸드 생각 뿌리 550mg 베지 캡슐, 1개, 100정",https://www.coupang.com/vp/products/6414975009?itemId=22932912896&vendorItemId=89967270858&q=나우푸드&searchId=16e3781910135755&sourceType=search&itemsCount=36&searchRank=84&rank=84,"10,660원","12,260원",13%,4.5,60,조건부 무료배송,True,2025-09-03T11:34:37.192334
90066260687,"나우푸드 GABA 뉴로트랜스미터 서포트 750mg 베지 캡슐, 1개, 100정",https://www.coupang.com/vp/products/8120299701?itemId=23032502692&vendorItemId=90066260687&q=나우푸드&searchId=16e3781910135755&sourceType=search&itemsCount=36&searchRank=85&rank=85,"14,410원","16,570원",13%,5.0,59,조건부 무료배송,True,2025-09-03T11:34:37.192656
3086381978,"나우푸드 갈릭 오일 1500mg 소프트젤, 1개, 100정",https://www.coupang.com/vp/products/8184476942?itemId=19352101182&vendorItemId=3086381978&q=나우푸드&searchId=16e3781910135755&sourceType=search&itemsCount=36&searchRank=86&rank=86,"6,980원",,,4.5,355,조건부 무료배송,True,2025-09-03T11:34:37.192960
3180741514,"나우푸드 실리마린 밀크 시슬 추출물 300mg 베지 캡슐, 50정, 1개",https://www.coupang.com/vp/products/7156986260?itemId=16801447805&vendorItemId=3180741514&q=나우푸드&searchId=16e3781910135755&sourceType=search&itemsCount=36&searchRank=87&rank=87,"10,230원","11,770원",13%,5.0,79568,조건부 무료배송,True,2025-09-03T11:34:37.193287
89967270976,"나우푸드 칼슘 & 마그네슘 소프트젤, 1개, 240정",https://www.coupang.com/vp/products/8289712657?itemId=22932913051&vendorItemId=89967270976&q=나우푸드&searchId=16e3781910135755&sourceType=search&itemsCount=36&searchRank=88&rank=88,"24,180원","27,800원",13%,5.0,72,조건부 무료배송,True,2025-09-03T11:34:37.193609
3086594015,"나우푸드 비타민 D 1000IU 베지 캡슐 비건 글루텐 프리, 120정, 1개",https://www.coupang.com/vp/products/121986869?itemId=362551249&vendorItemId=3086594015&q=나우푸드&searchId=16e3781910135755&sourceType=search&itemsCount=36&searchRank=89&rank=89,"9,760원","11,220원",13%,5.0,647,조건부 무료배송,True,2025-09-03T11:34:37.193930
3146012458,"나우푸드 진저 루트 추출물 250mg 베지 캡슐, 90정, 1개",https://www.coupang.com/vp/products/349881?itemId=859703&vendorItemId=3146012458&q=나우푸드&searchId=16e3781910135755&sourceType=search&itemsCount=36&searchRank=90&rank=90,"11,000원","16,190원",32%,4.5,135,조건부 무료배송,True,2025-09-03T11:34:37.194257
3214136429,"나우푸드 L-글루타민 1000mg 베지 캡슐, 120정, 1개",https://www.coupang.com/vp/products/587410?itemId=22252421724&vendorItemId=3214136429&q=나우푸드&searchId=16e3781910135755&sourceType=search&itemsCount=36&searchRank=91&rank=91,"15,680원","21,590원",27%,5.0,1307,조건부 무료배송,True,2025-09-03T11:34:37.194579
3272617402,"나우푸드 프로바이오틱-10 유산균 250억 베지 캡슐, 50정, 1개",https://www.coupang.com/vp/products/2638550?itemId=12089970338&vendorItemId=3272617402&q=나우푸드&searchId=16e3781910135755&sourceType=search&itemsCount=36&searchRank=92&rank=92,"17,680원","32,390원",45%,5.0,15014,조건부 무료배송,True,2025-09-03T11:34:37.194899
3085560662,"나우푸드 실리마린 밀크 시슬 추출물 터메릭 포함 150mg 베지 캡슐, 120정, 1개",https://www.coupang.com/vp/products/6989004414?itemId=17099216631&vendorItemId=3085560662&q=나우푸드&searchId=16e3781910135755&sourceType=search&itemsCount=36&searchRank=93&rank=93,"13,990원","16,090원",13%,5.0,3785,조건부 무료배송,True,2025-09-03T11:34:37.195219
3531777656,"나우푸드 스포츠 크레아틴 모노하이드레이트 퓨어 파우더, 600g, 1개",https://www.coupang.com/vp/products/8203753238?itemId=220177908&vendorItemId=3531777656&q=나우푸드&searchId=16e3781910135755&sourceType=search&itemsCount=36&searchRank=94&rank=94,"25,690원","29,530원",13%,4.5,2048,조건부 무료배송,True,2025-09-03T11:34:37.195545
3085762726,"나우푸드 셀레늄 200mcg 베지 캡슐 비건, 90정, 1개",https://www.coupang.com/vp/products/7824997580?itemId=401351&vendorItemId=3085762726&q=나우푸드&searchId=16e3781910135755&sourceType=search&itemsCount=36&searchRank=95&rank=95,"9,930원","11,040원",10%,4.5,142,조건부 무료배송,True,2025-09-03T11:34:37.195938
92429858177,"나우푸드 L-시스테인 500mg 베지 캡슐, 1개, 90정",https://www.coupang.com/vp/products/8715214763?itemId=25436909250&vendorItemId=92429858177&q=나우푸드&searchId=16e3781910135755&sourceType=search&itemsCount=36&searchRank=96&rank=96,"16,850원","19,370원",13%,4.5,10,조건부 무료배송,True,2025-09-03T11:34:37.196272
3085665198,"나우푸드 아미노 컴플릿 캡슐, 1개",https://www.coupang.com/vp/products/8000536500?itemId=65356&vendorItemId=3085665198&q=나우푸드&searchId=16e3781910135755&sourceType=search&itemsCount=36&searchRank=97&rank=97,"20,530원","38,870원",47%,4.5,453,조건부 무료배송,True,2025-09-03T11:34:37.196595
3278620062,"나우푸드 프로바이오틱10 유산균 1000억 베지 캡슐, 30정, 1개",https://www.coupang.com/vp/products/3316941?itemId=11283933766&vendorItemId=3278620062&q=나우푸드&searchId=16e3781910135755&sourceType=search&itemsCount=36&searchRank=98&rank=98,"28,930원","48,590원",40%,4.5,1601,무료배송,True,2025-09-03T11:34:37.196914
3272592766,"나우푸드 스피루리나 1000mg 타블렛, 120정, 1개",https://www.coupang.com/vp/products/2638520?itemId=401319&vendorItemId=3272592766&q=나우푸드&searchId=16e3781910135755&sourceType=search&itemsCount=36&searchRank=99&rank=99,"14,160원","23,750원",40%,5.0,1845,조건부 무료배송,True,2025-09-03T11:34:37.197234
3278708319,"나우푸드 L-라이신 500mg 타블렛, 100정 1개, 1개, 100정",https://www.coupang.com/vp/products/8003082569?itemId=17467815458&vendorItemId=3278708319&q=나우푸드&searchId=16e3781910135755&sourceType=search&itemsCount=36&searchRank=100&rank=100,"9,810원","11,280원",13%,5.0,274,조건부 무료배송,True,2025-09-03T11:34:37.197556
3273024345,"나우푸드 웨이 프로틴 아이솔레이트 파우더 단백질 보충제 언플레이버드, 2.27kg, 1개",https://www.coupang.com/vp/products/7480868281?itemId=2071119&vendorItemId=3273024345&q=나우푸드&searchId=16e3781910135755&sourceType=search&itemsCount=36&searchRank=101&rank=101,"97,610원","112,200원",13%,4.5,1567,무료배송,True,2025-09-03T11:34:37.197873
70393847050,"나우푸드 타르트 체리 500mg 베지 캡슐 비건, 90정, 1개",https://www.coupang.com/vp/products/1366688546?itemId=2398832652&vendorItemId=70393847050&q=나우푸드&searchId=16e3781910135755&sourceType=search&itemsCount=36&searchRank=102&rank=102,"20,170원","23,190원",13%,4.5,405,조건부 무료배송,True,2025-09-03T11:34:37.198193
3272562829,"나우푸드 퓨어 에센셜 아로마오일 라벤더, 30ml, 1개",https://www.coupang.com/vp/products/2687407?itemId=21071464512&vendorItemId=3272562829&q=나우푸드&searchId=16e3781910135755&sourceType=search&itemsCount=36&searchRank=103&rank=103,"12,980원","14,930원",13%,4.5,9778,조건부 무료배송,True,2025-09-03T11:34:37.198512
88994209542,"나우푸드 C-1000 아연 & D-3 베지 캡슐, 1개, 100정",https://www.coupang.com/vp/products/7951161799?itemId=21946377864&vendorItemId=88994209542&q=나우푸드&searchId=16e3781910135755&sourceType=search&itemsCount=36&searchRank=104&rank=104,"14,870원","16,900원",12%,5.0,55,조건부 무료배송,True,2025-09-03T11:34:37.198833
3272699133,"나우푸드 MSM 1500mg 타블렛 글루텐 프리 비건, 200정, 1개",https://www.coupang.com/vp/products/8289188131?itemId=17973906406&vendorItemId=3272699133&q=나우푸드&searchId=16e3781910135755&sourceType=search&itemsCount=36&searchRank=105&rank=105,"21,230원","30,230원",29%,4.5,2056,조건부 무료배송,True,2025-09-03T11:34:37.199166
3273015522,"나우푸드 웨이 프로틴 아이솔레이트 파우더 단백질 보충제, 1개",https://www.coupang.com/vp/products/6667584684?itemId=2070904&vendorItemId=3273015522&q=나우푸드&searchId=16e3781910135755&sourceType=search&itemsCount=36&searchRank=106&rank=106,"169,880원","195,270원",13%,5.0,1150,무료배송,True,2025-09-03T11:34:37.199474
3272556653,"나우푸드 로열 젤리 1500mg 베지 캡슐, 60정, 1개",https://www.coupang.com/vp/products/2674535?itemId=65410&vendorItemId=3272556653&q=나우푸드&searchId=16e3781910135755&sourceType=search&itemsCount=36&searchRank=107&rank=107,"18,360원","21,110원",13%,4.5,1524,조건부 무료배송,True,2025-09-03T11:34:37.199790
3086600013,"나우푸드 L-메티오닌 500mg 캡슐, 100정, 1개",https://www.coupang.com/vp/products/170281777?itemId=487159589&vendorItemId=3086600013&q=나우푸드&searchId=c184a0f92520034&sourceType=search&itemsCount=36&searchRank=108&rank=108,"16,410원","18,870원",13%,4.5,218,조건부 무료배송,True,2025-09-03T11:35:05.561783
3087575916,"나우푸드 갈릭 5000 타블렛, 90정, 1개",https://www.coupang.com/vp/products/8136130331?itemId=400730&vendorItemId=3087575916&q=나우푸드&searchId=c184a0f92520034&sourceType=search&itemsCount=36&searchRank=109&rank=109,"19,430원","22,340원",13%,5.0,751,조건부 무료배송,True,2025-09-03T11:35:05.562172
3180739578,"나우푸드 에센셜 오일 유칼립투스, 30ml, 1개",https://www.coupang.com/vp/products/2687407?itemId=14380724534&vendorItemId=3180739578&q=나우푸드&searchId=c184a0f92520034&sourceType=search&itemsCount=36&searchRank=110&rank=110,"8,160원","9,380원",13%,4.5,9778,조건부 무료배송,True,2025-09-03T11:35:05.562552
3086572412,"나우푸드 TMG 베타인 1000mg 타블렛, 100정, 1개",https://www.coupang.com/vp/products/8136129993?itemId=3559757802&vendorItemId=3086572412&q=나우푸드&searchId=c184a0f92520034&sourceType=search&itemsCount=36&searchRank=111&rank=111,"16,720원","19,220원",13%,4.5,263,조건부 무료배송,True,2025-09-03T11:35:05.562929
3273026343,"나우푸드 비타민 D-3 5000IU 내추럴 민트 츄어블, 120정, 1개",https://www.coupang.com/vp/products/2495678?itemId=68367&vendorItemId=3273026343&q=나우푸드&searchId=c184a0f92520034&sourceType=search&itemsCount=36&searchRank=112&rank=112,"10,810원","16,190원",33%,5.0,805,조건부 무료배송,True,2025-09-03T11:35:05.563303
3086191674,"나우푸드 이눌린 퓨어 파우더, 227g, 1개",https://www.coupang.com/vp/products/6714053703?itemId=15596616061&vendorItemId=3086191674&q=나우푸드&searchId=c184a0f92520034&sourceType=search&itemsCount=36&searchRank=113&rank=113,"13,010원","14,960원",13%,5.0,728,조건부 무료배송,True,2025-09-03T11:35:05.563677
3086381389,"나우푸드 츄어블 파파야 효소 로젠지, 360정, 1개",https://www.coupang.com/vp/products/209293?itemId=18131509210&vendorItemId=3086381389&q=나우푸드&searchId=c184a0f92520034&sourceType=search&itemsCount=36&searchRank=114&rank=114,"16,390원","23,750원",30%,4.5,652,조건부 무료배송,True,2025-09-03T11:35:05.564058
3086644532,"나우푸드 B-6 100mg 캡슐, 1개, 100정",https://www.coupang.com/vp/products/8204091668?itemId=2892132&vendorItemId=3086644532&q=나우푸드&searchId=c184a0f92520034&sourceType=search&itemsCount=36&searchRank=115&rank=115,"8,930원","10,270원",13%,5.0,187,조건부 무료배송,True,2025-09-03T11:35:05.564426
3531353759,"나우푸드 크레아틴 모노하이드레이트 750mg 캡슐, 1개, 120정",https://www.coupang.com/vp/products/8985244666?itemId=219969433&vendorItemId=3531353759&q=나우푸드&searchId=c184a0f92520034&sourceType=search&itemsCount=36&searchRank=116&rank=116,"11,770원","15,110원",22%,5.0,353,조건부 무료배송,True,2025-09-03T11:35:05.564796
3278409425,"나우푸드 L-글루타민 1000mg 캡슐, 240정, 1개",https://www.coupang.com/vp/products/587410?itemId=18093654937&vendorItemId=3278409425&q=나우푸드&searchId=c184a0f92520034&sourceType=search&itemsCount=36&searchRank=117&rank=117,"26,120원","41,030원",36%,5.0,1307,무료배송,True,2025-09-03T11:35:05.565163
89967271049,"나우푸드 리버 리프레시 베지 캡슐, 1개, 90정",https://www.coupang.com/vp/products/265380117?itemId=22932913094&vendorItemId=89967271049&q=나우푸드&searchId=c184a0f92520034&sourceType=search&itemsCount=36&searchRank=118&rank=118,"18,510원","20,570원",10%,5.0,32,조건부 무료배송,True,2025-09-03T11:35:05.565531
3180780247,"나우푸드 루테인 10mg 소프트젤, 60정, 1개",https://www.coupang.com/vp/products/8402629178?itemId=18883599670&vendorItemId=3180780247&q=나우푸드&searchId=c184a0f92520034&sourceType=search&itemsCount=36&searchRank=119&rank=119,"11,810원","16,190원",27%,4.5,472,조건부 무료배송,True,2025-09-03T11:35:05.565914
3272576783,"나우푸드 퓨어 에센셜 아로마오일 라벤더, 118ml, 1개",https://www.coupang.com/vp/products/8491712770?itemId=70805&vendorItemId=3272576783&q=나우푸드&searchId=c184a0f92520034&sourceType=search&itemsCount=36&searchRank=120&rank=120,"29,660원","34,100원",13%,4.5,404,무료배송,True,2025-09-03T11:35:05.566287
3146721149,"나우푸드 보스웰리아 추출물 250mg 베지 캡슐, 120정, 1개",https://www.coupang.com/vp/products/356487?itemId=882367&vendorItemId=3146721149&q=나우푸드&searchId=c184a0f92520034&sourceType=search&itemsCount=36&searchRank=121&rank=121,"21,840원","29,150원",25%,4.5,1394,조건부 무료배송,True,2025-09-03T11:35:05.566657
3216128189,"나우푸드 호호바 오일 퓨어 모이스처라이징, 473ml, 1개",https://www.coupang.com/vp/products/8400126235?itemId=19191490331&vendorItemId=3216128189&q=나우푸드&searchId=c184a0f92520034&sourceType=search&itemsCount=36&searchRank=122&rank=122,"27,990원","43,190원",35%,5.0,917,무료배송,True,2025-09-03T11:35:05.567021
3272558261,"나우푸드 CoQ10 100mg 베지 캡슐 비건, 1개, 180정",https://www.coupang.com/vp/products/8204052345?itemId=328211&vendorItemId=3272558261&q=나우푸드&searchId=c184a0f92520034&sourceType=search&itemsCount=36&searchRank=123&rank=123,"37,450원","43,050원",13%,5.0,164,무료배송,True,2025-09-03T11:35:05.567386
5118211386,"나우푸드 비오틴 5000mcg 베지 캡슐, 60정, 1개",https://www.coupang.com/vp/products/8402635128?itemId=7860405617&vendorItemId=5118211386&q=나우푸드&searchId=c184a0f92520034&sourceType=search&itemsCount=36&searchRank=124&rank=124,"7,720원","8,880원",13%,5.0,1309,조건부 무료배송,True,2025-09-03T11:35:05.567756
5118211134,"나우푸드 리버 리프레시 베지 캡슐, 180개입, 1개, 180정",https://www.coupang.com/vp/products/265380117?itemId=831918578&vendorItemId=5118211134&q=나우푸드&searchId=c184a0f92520034&sourceType=search&itemsCount=36&searchRank=125&rank=125,"28,840원","33,150원",13%,5.0,32,무료배송,True,2025-09-03T11:35:05.568122
3531418633,"Now Foods EVE 슈피리어 우먼 멀티 베지 캡슐, 120정, 1개",https://www.coupang.com/vp/products/6715617726?itemId=219996246&vendorItemId=3531418633&q=나우푸드&searchId=c184a0f92520034&sourceType=search&itemsCount=36&searchRank=126&rank=126,"25,280원","32,390원",21%,5.0,18,조건부 무료배송,True,2025-09-03T11:35:05.568488
3086369057,"나우푸드 퓨어 티 트리 에센셜 오일, 30ml, 1개",https://www.coupang.com/vp/products/29472?itemId=15399149565&vendorItemId=3086369057&q=나우푸드&searchId=c184a0f92520034&sourceType=search&itemsCount=36&searchRank=127&rank=127,"10,920원","12,560원",13%,4.5,3048,조건부 무료배송,True,2025-09-03T11:35:05.568866
3214006639,"나우푸드 갈릭 오일 1500mg 소프트젤, 1개, 250정",https://www.coupang.com/vp/products/29352?itemId=19519131323&vendorItemId=3214006639&q=나우푸드&searchId=c184a0f92520034&sourceType=search&itemsCount=36&searchRank=128&rank=128,"12,620원","16,190원",22%,5.0,1574,조건부 무료배송,True,2025-09-03T11:35:05.569234
3086644580,"나우푸드 L-페닐알라닌 500mg 베지 캡슐, 120정, 1개",https://www.coupang.com/vp/products/6228474867?itemId=12504217020&vendorItemId=3086644580&q=나우푸드&searchId=c184a0f92520034&sourceType=search&itemsCount=36&searchRank=129&rank=129,"14,640원","16,830원",13%,4.5,53,조건부 무료배송,True,2025-09-03T11:35:05.569603
3086588386,"나우푸드 오랄틱 로젠지, 60정, 1개",https://www.coupang.com/vp/products/6263373835?itemId=68165&vendorItemId=3086588386&q=나우푸드&searchId=c184a0f92520034&sourceType=search&itemsCount=36&searchRank=130&rank=130,"18,330원","21,080원",13%,4.5,1196,조건부 무료배송,True,2025-09-03T11:35:05.569971
3272555180,"나우푸드 아스타잔틴 10mg 소프트젤, 60정, 1개",https://www.coupang.com/vp/products/2654503?itemId=2076412&vendorItemId=3272555180&q=나우푸드&searchId=c184a0f92520034&sourceType=search&itemsCount=36&searchRank=131&rank=131,"24,740원","28,440원",13%,4.5,1469,조건부 무료배송,True,2025-09-03T11:35:05.570343
3272570894,"나우푸드 퓨어 에센셜 아로마오일 오렌지, 118ml, 1개",https://www.coupang.com/vp/products/8207919865?itemId=70815&vendorItemId=3272570894&q=나우푸드&searchId=c184a0f92520034&sourceType=search&itemsCount=36&searchRank=132&rank=132,"12,990원","14,940원",13%,4.5,503,조건부 무료배송,True,2025-09-03T11:35:05.570709
3086391617,"나우푸드 사이다 비니거 캡슐, 180정, 1개",https://www.coupang.com/vp/products/29262?itemId=70290&vendorItemId=3086391617&q=나우푸드&searchId=c184a0f92520034&sourceType=search&itemsCount=36&searchRank=133&rank=133,"16,190원","18,610원",13%,5.0,225,조건부 무료배송,True,2025-09-03T11:35:05.571080
3086591288,"나우푸드 코랄 칼슘 1000mg 베지 캡슐, 250정, 1개",https://www.coupang.com/vp/products/29322?itemId=70379&vendorItemId=3086591288&q=나우푸드&searchId=c184a0f92520034&sourceType=search&itemsCount=36&searchRank=134&rank=134,"28,380원","36,710원",22%,5.0,1073,무료배송,True,2025-09-03T11:35:05.571452
3086361194,"나우푸드 포타슘 플러스 요오드 타블렛, 180정, 1개",https://www.coupang.com/vp/products/29299?itemId=70349&vendorItemId=3086361194&q=나우푸드&searchId=c184a0f92520034&sourceType=search&itemsCount=36&searchRank=135&rank=135,"12,300원","15,110원",18%,4.5,1472,조건부 무료배송,True,2025-09-03T11:35:05.571821
3086634180,"나우푸드 B-1 100mg 타블렛, 1개, 100정",https://www.coupang.com/vp/products/28024?itemId=68076&vendorItemId=3086634180&q=나우푸드&searchId=c184a0f92520034&sourceType=search&itemsCount=36&searchRank=136&rank=136,"9,170원","10,550원",13%,5.0,696,조건부 무료배송,True,2025-09-03T11:35:05.572190
3086629661,"나우푸드 노니 450mg 베지 캡슐, 90정, 1개",https://www.coupang.com/vp/products/7272466529?itemId=68071&vendorItemId=3086629661&q=나우푸드&searchId=c184a0f92520034&sourceType=search&itemsCount=36&searchRank=137&rank=137,"13,770원","21,590원",36%,4.5,2599,조건부 무료배송,True,2025-09-03T11:35:05.572556
88994200063,"나우푸드 데일리 비츠 멀티 비타민 & 미네랄 베지 캡슐, 1개, 120정",https://www.coupang.com/vp/products/7951160985?itemId=21946371776&vendorItemId=88994200063&q=나우푸드&searchId=c184a0f92520034&sourceType=search&itemsCount=36&searchRank=138&rank=138,"16,650원","19,140원",13%,5.0,66,조건부 무료배송,True,2025-09-03T11:35:05.572924
4502361775,"나우푸드 아슈와간다 450mg 베지 캡슐 비건, 90정, 1개",https://www.coupang.com/vp/products/8289096823?itemId=6548033125&vendorItemId=4502361775&q=나우푸드&searchId=c184a0f92520034&sourceType=search&itemsCount=36&searchRank=139&rank=139,"13,700원","15,570원",12%,5.0,179,조건부 무료배송,True,2025-09-03T11:35:05.573294
3086645813,"나우푸드 L-카르니틴 500mg 베지 캡슐 비건 글루텐 프리, 60정, 1개",https://www.coupang.com/vp/products/8289048012?itemId=7502018827&vendorItemId=3086645813&q=나우푸드&searchId=c184a0f92520034&sourceType=search&itemsCount=36&searchRank=140&rank=140,"17,380원","28,070원",38%,5.0,144,조건부 무료배송,True,2025-09-03T11:35:05.573668
70393848807,"나우푸드 L-아르기닌 700mg 베지 캡슐, 180정, 1개",https://www.coupang.com/vp/products/1366690329?itemId=18569285587&vendorItemId=70393848807&q=나우푸드&searchId=c184a0f92520034&sourceType=search&itemsCount=36&searchRank=141&rank=141,"17,860원","20,540원",13%,5.0,294,조건부 무료배송,True,2025-09-03T11:35:05.574036
3086437958,"나우푸드 ZMA 스포츠 리커버리 캡슐, 90정, 1개",https://www.coupang.com/vp/products/29246?itemId=2075674&vendorItemId=3086437958&q=나우푸드&searchId=c184a0f92520034&sourceType=search&itemsCount=36&searchRank=142&rank=142,"18,290원","23,750원",22%,5.0,2398,조건부 무료배송,True,2025-09-03T11:35:05.574411
3215012475,"나우푸드 아보카도 오일 퓨어 모이스처라이징, 1개, 118ml",https://www.coupang.com/vp/products/1366688242?itemId=2055666&vendorItemId=3215012475&q=나우푸드&searchId=c184a0f92520034&sourceType=search&itemsCount=36&searchRank=143&rank=143,"9,430원","10,840원",13%,4.5,246,조건부 무료배송,True,2025-09-03T11:35:05.574791
3215030418,"나우푸드 호호바 오일 퓨어 모이스처라이징, 118ml, 1개",https://www.coupang.com/vp/products/6714054862?itemId=2055678&vendorItemId=3215030418&q=나우푸드&searchId=d4cfe8171221435&sourceType=search&itemsCount=36&searchRank=144&rank=144,"13,380원","15,380원",13%,4.5,1747,조건부 무료배송,True,2025-09-03T11:35:33.995384
92075676212,"나우푸드 하이 포텐시 비타민 D-3 5000 lu 소프트젤, 1개, 30정",https://www.coupang.com/vp/products/8290463821?itemId=25071594449&vendorItemId=92075676212&q=나우푸드&searchId=d4cfe8171221435&sourceType=search&itemsCount=36&searchRank=145&rank=145,"5,810원","6,680원",13%,4.5,8,조건부 무료배송,True,2025-09-03T11:35:33.995680
5118210369,"나우푸드 엑스트라 스트렝스 비오틴 베지 캡슐, 120정, 1개",https://www.coupang.com/vp/products/265380081?itemId=831918495&vendorItemId=5118210369&q=나우푸드&searchId=d4cfe8171221435&sourceType=search&itemsCount=36&searchRank=146&rank=146,"15,450원","17,770원",13%,5.0,3475,조건부 무료배송,True,2025-09-03T11:35:33.995970
3088278413,"나우푸드 피 프로틴 파우더 단백질 보충제 언플레이버드, 3.18kg, 1개",https://www.coupang.com/vp/products/1287590329?itemId=2298099868&vendorItemId=3088278413&q=나우푸드&searchId=d4cfe8171221435&sourceType=search&itemsCount=36&searchRank=147&rank=147,"80,500원","92,530원",13%,4.5,1664,무료배송,True,2025-09-03T11:35:33.996255
3191840546,"Now Foods 아르기닌 & 오르니틴 500/250 캡슐, 100정, 1개",https://www.coupang.com/vp/products/13019156?itemId=1200203&vendorItemId=3191840546&q=나우푸드&searchId=d4cfe8171221435&sourceType=search&itemsCount=36&searchRank=148&rank=148,"16,480원","19,430원",15%,4.5,5166,조건부 무료배송,True,2025-09-03T11:35:33.996542
3086644856,"나우푸드 B-2 100mg 리보플라빈 캡슐, 1개, 100정",https://www.coupang.com/vp/products/28026?itemId=68078&vendorItemId=3086644856&q=나우푸드&searchId=d4cfe8171221435&sourceType=search&itemsCount=36&searchRank=149&rank=149,"7,900원","9,090원",13%,5.0,726,조건부 무료배송,True,2025-09-03T11:35:33.996831
88994200783,"나우푸드 어드밴스드 UC-II 조인트 릴리프 베지 캡슐, 60정, 1개",https://www.coupang.com/vp/products/1969924?itemId=21946369708&vendorItemId=88994200783&q=나우푸드&searchId=d4cfe8171221435&sourceType=search&itemsCount=36&searchRank=150&rank=150,"27,700원","31,850원",13%,5.0,629,무료배송,True,2025-09-03T11:35:33.997109
4622065444,"나우푸드 글루타티온 500mg 베지 캡슐, 30정, 1개",https://www.coupang.com/vp/products/8289045250?itemId=618279075&vendorItemId=4622065444&q=나우푸드&searchId=d4cfe8171221435&sourceType=search&itemsCount=36&searchRank=151&rank=151,"16,140원","18,560원",13%,4.5,565,조건부 무료배송,True,2025-09-03T11:35:33.997391
3086381365,"나우푸드 풀 스펙트럼 미네랄 캡슐, 240개입 × 1개, 240정, 1개",https://www.coupang.com/vp/products/7478168297?itemId=70403&vendorItemId=3086381365&q=나우푸드&searchId=d4cfe8171221435&sourceType=search&itemsCount=36&searchRank=152&rank=152,"28,560원","32,830원",13%,5.0,631,무료배송,True,2025-09-03T11:35:33.997669
3272570507,"나우푸드 퓨어 에센셜 아로마오일 라벤더, 59ml, 1개",https://www.coupang.com/vp/products/2687407?itemId=70763&vendorItemId=3272570507&q=나우푸드&searchId=d4cfe8171221435&sourceType=search&itemsCount=36&searchRank=153&rank=153,"20,010원","22,740원",12%,4.5,9778,조건부 무료배송,True,2025-09-03T11:35:33.997948
88994199014,"나우푸드 C-1000 베지 캡슐, 1개, 250정",https://www.coupang.com/vp/products/7196453602?itemId=21946366118&vendorItemId=88994199014&q=나우푸드&searchId=d4cfe8171221435&sourceType=search&itemsCount=36&searchRank=154&rank=154,"22,280원","25,320원",12%,5.0,66,조건부 무료배송,True,2025-09-03T11:35:33.998236
3265927013,"나우푸드 칼슘 D-글루카레이트 500mg 베지 캡슐 비건 글루텐 프리, 90정, 1개",https://www.coupang.com/vp/products/1969923?itemId=8797682&vendorItemId=3265927013&q=나우푸드&searchId=d4cfe8171221435&sourceType=search&itemsCount=36&searchRank=155&rank=155,"27,770원","36,710원",24%,5.0,202,무료배송,True,2025-09-03T11:35:33.998516
3086436408,"나우푸드 베타인 HCI 648mg 베지 캡슐, 1개, 120정",https://www.coupang.com/vp/products/5573665?itemId=25240769&vendorItemId=3086436408&q=나우푸드&searchId=d4cfe8171221435&sourceType=search&itemsCount=36&searchRank=156&rank=156,"17,350원","21,590원",19%,4.5,583,조건부 무료배송,True,2025-09-03T11:35:33.998796
89967271086,"나우푸드 마그네슘 시트레이트 200mg 타블렛, 250정, 1개",https://www.coupang.com/vp/products/6716764228?itemId=22932913116&vendorItemId=89967271086&q=나우푸드&searchId=d4cfe8171221435&sourceType=search&itemsCount=36&searchRank=157&rank=157,"35,060원",,,5.0,68,무료배송,True,2025-09-03T11:35:33.999063
3088278042,"나우푸드 플랜트 엔자임 베지 캡슐 비건, 240 Unità (Confezione da 1), 1개, 120정",https://www.coupang.com/vp/products/8123456932?itemId=23052367863&vendorItemId=3088278042&q=나우푸드&searchId=d4cfe8171221435&sourceType=search&itemsCount=36&searchRank=158&rank=158,"15,880원","19,430원",18%,5.0,274,조건부 무료배송,True,2025-09-03T11:35:33.999343
3104835462,"나우푸드 글루코핏 18% 코로솔릭 애시드 소프트젤, 60정, 1개",https://www.coupang.com/vp/products/6285637493?itemId=12926878423&vendorItemId=3104835462&q=나우푸드&searchId=d4cfe8171221435&sourceType=search&itemsCount=36&searchRank=159&rank=159,"13,780원","16,190원",14%,5.0,233,조건부 무료배송,True,2025-09-03T11:35:33.999623
3224013111,"나우푸드 A 10000IU & D 400IU 소프트젤 글루텐 프리, 1개, 100정",https://www.coupang.com/vp/products/680364?itemId=2448371&vendorItemId=3224013111&q=나우푸드&searchId=d4cfe8171221435&sourceType=search&itemsCount=36&searchRank=160&rank=160,"8,310원","9,560원",13%,5.0,470,조건부 무료배송,True,2025-09-03T11:35:33.999910
3086380734,"나우푸드 당귀 520mg 베지 캡슐 비건, 1개, 100정",https://www.coupang.com/vp/products/29347?itemId=70418&vendorItemId=3086380734&q=나우푸드&searchId=d4cfe8171221435&sourceType=search&itemsCount=36&searchRank=161&rank=161,"11,340원","13,040원",13%,4.5,135,조건부 무료배송,True,2025-09-03T11:35:34.000194
4503979967,"나우푸드 퓨어 에센셜 10ml 라벤더 아로마오일, 1개",https://www.coupang.com/vp/products/7485905906?itemId=572846504&vendorItemId=4503979967&q=나우푸드&searchId=d4cfe8171221435&sourceType=search&itemsCount=36&searchRank=162&rank=162,"7,820원","8,990원",13%,4.5,210,조건부 무료배송,True,2025-09-03T11:35:34.000475
3214792860,"나우푸드 헬시 푸드 실리엄 허스크 파우더, 680g, 1개",https://www.coupang.com/vp/products/586552?itemId=2070721&vendorItemId=3214792860&q=나우푸드&searchId=d4cfe8171221435&sourceType=search&itemsCount=36&searchRank=163&rank=163,"21,390원","24,590원",13%,4.5,457,조건부 무료배송,True,2025-09-03T11:35:34.000759
72117518651,"나우푸드 비오틴 1000mcg 에너지 프로덕션 베지 캡슐, 100정, 1개",https://www.coupang.com/vp/products/2373521556?itemId=17458301564&vendorItemId=72117518651&q=나우푸드&searchId=d4cfe8171221435&sourceType=search&itemsCount=36&searchRank=164&rank=164,"8,200원","9,430원",13%,5.0,1133,조건부 무료배송,True,2025-09-03T11:35:34.001041
3086361456,"나우푸드 CoQ10 100mg 소프트젤, 50정, 1개",https://www.coupang.com/vp/products/66083126?itemId=19022474177&vendorItemId=3086361456&q=나우푸드&searchId=d4cfe8171221435&sourceType=search&itemsCount=36&searchRank=165&rank=165,"15,880원","23,750원",33%,5.0,175,조건부 무료배송,True,2025-09-03T11:35:34.001317
3279645415,"나우푸드 L-타이로신 750mg 베지 캡슐, 90정, 1개",https://www.coupang.com/vp/products/3250873?itemId=65374&vendorItemId=3279645415&q=나우푸드&searchId=d4cfe8171221435&sourceType=search&itemsCount=36&searchRank=166&rank=166,"15,740원","21,590원",27%,4.5,865,조건부 무료배송,True,2025-09-03T11:35:34.001598
4010803396,"나우푸드 프로바이오틱-10 250억 베지 캡슐, 30정, 1개",https://www.coupang.com/vp/products/2638550?itemId=20115823543&vendorItemId=4010803396&q=나우푸드&searchId=d4cfe8171221435&sourceType=search&itemsCount=36&searchRank=167&rank=167,"15,600원","17,940원",13%,5.0,15014,조건부 무료배송,True,2025-09-03T11:35:34.001879
3278710828,"나우푸드 B-6 100mg 캡슐, 1개, 250정",https://www.coupang.com/vp/products/3316390?itemId=68081&vendorItemId=3278710828&q=나우푸드&searchId=d4cfe8171221435&sourceType=search&itemsCount=36&searchRank=168&rank=168,"13,700원","17,270원",20%,5.0,768,조건부 무료배송,True,2025-09-03T11:35:34.002162
3086381049,"나우푸드 블러드 프레셔 헬스 베지 캡슐, 1개, 90정",https://www.coupang.com/vp/products/29335?itemId=70400&vendorItemId=3086381049&q=나우푸드&searchId=d4cfe8171221435&sourceType=search&itemsCount=36&searchRank=169&rank=169,"20,780원","32,390원",35%,5.0,520,조건부 무료배송,True,2025-09-03T11:35:34.002443
3272622782,"나우푸드 프로바이오틱-10 유산균 500억 베지 캡슐, 50정, 1개",https://www.coupang.com/vp/products/8136129885?itemId=7242818&vendorItemId=3272622782&q=나우푸드&searchId=d4cfe8171221435&sourceType=search&itemsCount=36&searchRank=170&rank=170,"27,920원","53,990원",48%,5.0,2321,무료배송,True,2025-09-03T11:35:34.002723
3086961191,"나우푸드 다이제스트 얼티메이트 베지 캡슐, 120정, 1개",https://www.coupang.com/vp/products/179758?itemId=328212&vendorItemId=3086961191&q=나우푸드&searchId=d4cfe8171221435&sourceType=search&itemsCount=36&searchRank=171&rank=171,"30,170원","49,670원",39%,5.0,99,무료배송,True,2025-09-03T11:35:34.003001
3086570532,"Now Foods 칸디다 서포트 베지 캡슐, 90정, 1개",https://www.coupang.com/vp/products/29220?itemId=70201&vendorItemId=3086570532&q=나우푸드&searchId=d4cfe8171221435&sourceType=search&itemsCount=36&searchRank=172&rank=172,"13,940원","15,850원",12%,4.5,271,조건부 무료배송,True,2025-09-03T11:35:34.003287
88994202743,"나우푸드 포스파티딜 세린 150mg 베지 캡슐, 60정, 1개",https://www.coupang.com/vp/products/8289177649?itemId=21946370404&vendorItemId=88994202743&q=나우푸드&searchId=d4cfe8171221435&sourceType=search&itemsCount=36&searchRank=173&rank=173,"28,830원","32,040원",10%,4.5,20,무료배송,True,2025-09-03T11:35:34.003574
3280639163,"나우푸드 L-테아닌 100mg 츄어블 비건, 90정, 1개",https://www.coupang.com/vp/products/5536629?itemId=25084692&vendorItemId=3280639163&q=나우푸드&searchId=d4cfe8171221435&sourceType=search&itemsCount=36&searchRank=174&rank=174,"15,940원","25,910원",38%,5.0,311,조건부 무료배송,True,2025-09-03T11:35:34.003863
3272565186,"나우푸드 퓨어 에센셜 아로마오일, 30ml, 1개, Grapefruit",https://www.coupang.com/vp/products/8393706637?itemId=70799&vendorItemId=3272565186&q=나우푸드&searchId=d4cfe8171221435&sourceType=search&itemsCount=36&searchRank=175&rank=175,"10,480원","12,050원",13%,4.5,248,조건부 무료배송,True,2025-09-03T11:35:34.004150
3085663863,"나우푸드 스피룰리나 500mg 타블렛, 500정, 1개",https://www.coupang.com/vp/products/8136129898?itemId=65406&vendorItemId=3085663863&q=나우푸드&searchId=d4cfe8171221435&sourceType=search&itemsCount=36&searchRank=176&rank=176,"22,020원","36,710원",40%,5.0,1187,조건부 무료배송,True,2025-09-03T11:35:34.004435
5118211367,"나우푸드 마그네슘 & 칼슘 타블렛, 100정, 1개",https://www.coupang.com/vp/products/7729351348?itemId=831918605&vendorItemId=5118211367&q=나우푸드&searchId=d4cfe8171221435&sourceType=search&itemsCount=36&searchRank=177&rank=177,"15,370원","17,670원",13%,3.5,3,조건부 무료배송,True,2025-09-03T11:35:34.004718
3265968119,"나우푸드 리퀴드 코코넛 오일, 473ml, 1개",https://www.coupang.com/vp/products/1969105?itemId=8792620&vendorItemId=3265968119&q=나우푸드&searchId=d4cfe8171221435&sourceType=search&itemsCount=36&searchRank=178&rank=178,"17,600원","20,230원",13%,4.5,1003,조건부 무료배송,True,2025-09-03T11:35:34.005000
3085560501,"나우푸드 실리마린 밀크 시슬 추출물 터메릭 포함 150mg 베지 캡슐, 1개, 60정",https://www.coupang.com/vp/products/8159267975?itemId=400759&vendorItemId=3085560501&q=나우푸드&searchId=d4cfe8171221435&sourceType=search&itemsCount=36&searchRank=179&rank=179,"9,250원","10,640원",13%,5.0,471,조건부 무료배송,True,2025-09-03T11:35:34.005288
