상품링크,모델명,원본 상품명,크롤링된 상품명,최저가,배송비,배송비포함가,배송비정보,쇼핑몰,크롤링시간,개당_수량,맛,상품구성,수량,용량
https://search.shopping.naver.com/catalog/35316945627,CGN00965,CGN 락토비프 프로바이오틱스 300억 유산균 60캡슐,캘리포니아골드뉴트리션 LactoBif 프로바이오틱 300억 CFU 60캡슐,22990,0,22990,"배송비
무료",비타케어365,2025-09-03 16:32:05,,,1개,,
https://search.shopping.naver.com/catalog/35316945627,CGN00965,CGN 락토비프 프로바이오틱스 300억 유산균 60캡슐,캘리포니아골드뉴트리션 LactoBif 프로바이오틱 300억 CFU 60캡슐,44860,0,44860,"배송비
무료",세이브비타,2025-09-03 16:32:07,,,2개,,
https://search.shopping.naver.com/catalog/35316945627,CGN00965,CGN 락토비프 프로바이오틱스 300억 유산균 60캡슐,캘리포니아골드뉴트리션 LactoBif 프로바이오틱 300억 CFU 60캡슐,58350,0,58350,"배송비
무료",G마켓,2025-09-03 16:32:10,,,3개,,
https://search.shopping.naver.com/catalog/35316945627,CGN00965,CGN 락토비프 프로바이오틱스 300억 유산균 60캡슐,캘리포니아골드뉴트리션 LactoBif 프로바이오틱 300억 CFU 60캡슐,85630,0,85630,"배송비
무료",옥션,2025-09-03 16:32:13,,,4개,,
https://search.shopping.naver.com/catalog/35316945627,CGN00965,CGN 락토비프 프로바이오틱스 300억 유산균 60캡슐,캘리포니아골드뉴트리션 LactoBif 프로바이오틱 300억 CFU 60캡슐,117250,0,117250,"배송비
무료",옥션,2025-09-03 16:32:16,,,5개,,
https://search.shopping.naver.com/catalog/35316945627,CGN00965,CGN 락토비프 프로바이오틱스 300억 유산균 60캡슐,캘리포니아골드뉴트리션 LactoBif 프로바이오틱 300억 CFU 60캡슐,122700,30000,152700,"배송비
30,000원 포함",쿠팡,2025-09-03 16:32:19,,,6개,,
https://search.shopping.naver.com/catalog/53547017737,CGN01266,오메가3 800 90캡슐,캘리포니아골드뉴트리션 오메가3 800 100mg x 30캡슐 1개,13500,0,13500,"배송비
무료",비타케어365,2025-09-03 16:32:36,30캡슐,,,1개,
https://search.shopping.naver.com/catalog/53547017737,CGN01266,오메가3 800 90캡슐,캘리포니아골드뉴트리션 오메가3 800 100mg x 30캡슐 2개,26090,4500,30590,"배송비
4,500원 포함",옥션,2025-09-03 16:32:39,30캡슐,,,2개,
https://search.shopping.naver.com/catalog/53547017737,CGN01266,오메가3 800 90캡슐,캘리포니아골드뉴트리션 오메가3 800 100mg x 30캡슐 3개,31440,0,31440,"배송비
무료",옥션,2025-09-03 16:32:42,30캡슐,,,3개,
https://search.shopping.naver.com/catalog/53547017737,CGN01266,오메가3 800 90캡슐,캘리포니아골드뉴트리션 오메가3 800 100mg x 30캡슐 4개,43680,0,43680,"배송비
무료",옥션,2025-09-03 16:32:45,30캡슐,,,4개,
https://search.shopping.naver.com/catalog/53547017737,CGN01266,오메가3 800 90캡슐,캘리포니아골드뉴트리션 오메가3 800 100mg x 30캡슐 6개,63800,9900,73700,"배송비
9,900원 포함",티티엑스,2025-09-03 16:32:48,30캡슐,,,6개,
https://search.shopping.naver.com/catalog/53547017737,CGN01266,오메가3 800 90캡슐,캘리포니아골드뉴트리션 오메가 800 1000mg x 90캡슐 1개,25750,0,25750,"배송비
무료",옥션,2025-09-03 16:32:56,90캡슐,,,1개,
https://search.shopping.naver.com/catalog/53547017737,CGN01266,오메가3 800 90캡슐,캘리포니아골드뉴트리션 오메가 800 1000mg x 90캡슐 2개,53190,0,53190,"배송비
무료",옥션,2025-09-03 16:33:00,90캡슐,,,2개,
https://search.shopping.naver.com/catalog/53547017737,CGN01266,오메가3 800 90캡슐,캘리포니아골드뉴트리션 오메가 800 1000mg x 90캡슐 3개,79780,0,79780,"배송비
무료",옥션,2025-09-03 16:33:02,90캡슐,,,3개,
https://search.shopping.naver.com/catalog/53547017737,CGN01266,오메가3 800 90캡슐,캘리포니아골드뉴트리션 오메가 800 1000mg x 90캡슐 4개,105500,0,105500,"배송비
무료",W.wanted,2025-09-03 16:33:05,90캡슐,,,4개,
https://search.shopping.naver.com/catalog/53547017737,CGN01266,오메가3 800 90캡슐,캘리포니아골드뉴트리션 오메가 800 1000mg x 90캡슐 5개,156900,0,156900,"배송비
무료",비타바이옴,2025-09-03 16:33:08,90캡슐,,,5개,
https://search.shopping.naver.com/catalog/53547017737,CGN01266,오메가3 800 90캡슐,캘리포니아골드뉴트리션 오메가 800 1000mg x 90캡슐 6개,106500,0,106500,"배송비
무료",롯데ON,2025-09-03 16:33:10,90캡슐,,,6개,
https://search.shopping.naver.com/catalog/53548645762,DRB00087,"고흡수 마그네슘, 200mg(1정당 100mg), 240정",닥터스베스트 고흡수 마그네슘 100mg x 120정 1개,10100,0,10100,"배송비
무료",로스스토어,2025-09-03 16:33:30,120정,,,1개,
https://search.shopping.naver.com/catalog/53548645762,DRB00087,"고흡수 마그네슘, 200mg(1정당 100mg), 240정",닥터스베스트 고흡수 마그네슘 100mg x 120정 2개,23080,4500,27580,"배송비
4,500원 포함",옥션,2025-09-03 16:33:33,120정,,,2개,
https://search.shopping.naver.com/catalog/53548645762,DRB00087,"고흡수 마그네슘, 200mg(1정당 100mg), 240정",닥터스베스트 고흡수 마그네슘 100mg x 120정 3개,29100,0,29100,"배송비
무료",옥션,2025-09-03 16:33:36,120정,,,3개,
https://search.shopping.naver.com/catalog/53548645762,DRB00087,"고흡수 마그네슘, 200mg(1정당 100mg), 240정",닥터스베스트 고흡수 마그네슘 100mg x 120정 4개,37150,0,37150,"배송비
무료",옥션,2025-09-03 16:33:39,120정,,,4개,
https://search.shopping.naver.com/catalog/53548645762,DRB00087,"고흡수 마그네슘, 200mg(1정당 100mg), 240정",닥터스베스트 고흡수 마그네슘 100mg x 240정 1개,18300,0,18300,"배송비
무료",비타케어365,2025-09-03 16:33:48,240정,,,1개,
https://search.shopping.naver.com/catalog/53548645762,DRB00087,"고흡수 마그네슘, 200mg(1정당 100mg), 240정",닥터스베스트 고흡수 마그네슘 100mg x 240정 2개,36390,0,36390,"배송비
무료",세이브비타,2025-09-03 16:33:50,240정,,,2개,
https://search.shopping.naver.com/catalog/53548645762,DRB00087,"고흡수 마그네슘, 200mg(1정당 100mg), 240정",닥터스베스트 고흡수 마그네슘 100mg x 240정 3개,53000,0,53000,"배송비
무료",비타케어365,2025-09-03 16:33:53,240정,,,3개,
https://search.shopping.naver.com/catalog/53548645762,DRB00087,"고흡수 마그네슘, 200mg(1정당 100mg), 240정",닥터스베스트 고흡수 마그네슘 100mg x 240정 4개,89200,0,89200,"배송비
무료",올스케어,2025-09-03 16:33:56,240정,,,4개,
https://search.shopping.naver.com/catalog/53548645762,DRB00087,"고흡수 마그네슘, 200mg(1정당 100mg), 240정",닥터스베스트 고흡수 마그네슘 100mg x 240정 5개,137000,30000,167000,"배송비
30,000원 포함",쿠팡,2025-09-03 16:33:59,240정,,,5개,
https://search.shopping.naver.com/catalog/53548645762,DRB00087,"고흡수 마그네슘, 200mg(1정당 100mg), 240정",닥터스베스트 고흡수 마그네슘 100mg x 240정 6개,164600,0,164600,"배송비
무료",쿠팡,2025-09-03 16:34:01,240정,,,6개,
https://search.shopping.naver.com/catalog/35343136618,LEX01001,투 퍼 데이 종합비타민 V2 캡슐 120정,라이프익스텐션 투 퍼 데이 종합비타민 120캡슐,21990,0,21990,"배송비
무료",세이브비타,2025-09-03 16:34:10,,,1개,,
https://search.shopping.naver.com/catalog/35343136618,LEX01001,투 퍼 데이 종합비타민 V2 캡슐 120정,라이프익스텐션 투 퍼 데이 종합비타민 120캡슐,38130,0,38130,"배송비
무료",11번가,2025-09-03 16:34:12,,,2개,,
https://search.shopping.naver.com/catalog/35343136618,LEX01001,투 퍼 데이 종합비타민 V2 캡슐 120정,라이프익스텐션 투 퍼 데이 종합비타민 120캡슐,55400,0,55400,"배송비
무료",옥션,2025-09-03 16:34:23,,,3개,,
https://search.shopping.naver.com/catalog/35343136618,LEX01001,투 퍼 데이 종합비타민 V2 캡슐 120정,라이프익스텐션 투 퍼 데이 종합비타민 120캡슐,21990,0,21990,"배송비
무료",세이브비타,2025-09-03 16:34:32,,,4개,,
https://search.shopping.naver.com/catalog/35343136618,LEX01001,투 퍼 데이 종합비타민 V2 캡슐 120정,라이프익스텐션 투 퍼 데이 종합비타민 120캡슐,175770,0,175770,"배송비
무료",옥션,2025-09-03 16:34:35,,,6개,,
https://search.shopping.naver.com/catalog/53548648094,CDL10700,"마그네슘 함유 액상 칼슘,  오렌지 맛, 474 ml(16fl oz)",차일드라이프 마그네슘 함유 액상 칼슘 천연 오렌지향 473ml 1개,24630,10000,34630,"배송비
10,000원 포함",11번가,2025-09-03 16:34:52,,,,1개,473ml
https://search.shopping.naver.com/catalog/53548648094,CDL10700,"마그네슘 함유 액상 칼슘,  오렌지 맛, 474 ml(16fl oz)",차일드라이프 마그네슘 함유 액상 칼슘 천연 오렌지향 473ml 2개,44610,0,44610,"배송비
무료",옥션,2025-09-03 16:34:54,,,,2개,473ml
https://search.shopping.naver.com/catalog/53548648094,CDL10700,"마그네슘 함유 액상 칼슘,  오렌지 맛, 474 ml(16fl oz)",차일드라이프 마그네슘 함유 액상 칼슘 천연 오렌지향 473ml 3개,67320,0,67320,"배송비
무료",옥션,2025-09-03 16:34:57,,,,3개,473ml
https://search.shopping.naver.com/catalog/53548648094,CDL10700,"마그네슘 함유 액상 칼슘,  오렌지 맛, 474 ml(16fl oz)",차일드라이프 마그네슘 함유 액상 칼슘 천연 오렌지향 473ml 4개,129000,0,129000,"배송비
무료",퍼팩트바이,2025-09-03 16:35:00,,,,4개,473ml
https://search.shopping.naver.com/catalog/35324997626,CGN00963,CGN 락토비프 프로바이오틱 50억CFU60베지캡슐 유산균,캘리포니아골드뉴트리션 LactoBif 프로바이오틱스 50억 CFU 60캡슐,13030,0,13030,"배송비
무료",비타케어365,2025-09-03 16:35:11,,,1개,,
https://search.shopping.naver.com/catalog/35324997626,CGN00963,CGN 락토비프 프로바이오틱 50억CFU60베지캡슐 유산균,캘리포니아골드뉴트리션 LactoBif 프로바이오틱스 50억 CFU 60캡슐,25230,4500,29730,"배송비
4,500원 포함",아이허브 공식스토어,2025-09-03 16:35:14,,,2개,,
https://search.shopping.naver.com/catalog/35324997626,CGN00963,CGN 락토비프 프로바이오틱 50억CFU60베지캡슐 유산균,캘리포니아골드뉴트리션 LactoBif 프로바이오틱스 50억 CFU 60캡슐,31090,0,31090,"배송비
무료",아이허브 공식스토어,2025-09-03 16:35:16,,,3개,,
https://search.shopping.naver.com/catalog/35324997626,CGN00963,CGN 락토비프 프로바이오틱 50억CFU60베지캡슐 유산균,캘리포니아골드뉴트리션 LactoBif 프로바이오틱스 50억 CFU 60캡슐,41460,0,41460,"배송비
무료",아이허브 공식스토어,2025-09-03 16:35:19,,,4개,,
https://search.shopping.naver.com/catalog/35324997626,CGN00963,CGN 락토비프 프로바이오틱 50억CFU60베지캡슐 유산균,캘리포니아골드뉴트리션 LactoBif 프로바이오틱스 50억 CFU 60캡슐,51830,0,51830,"배송비
무료",아이허브 공식스토어,2025-09-03 16:35:22,,,5개,,
https://search.shopping.naver.com/catalog/35324997626,CGN00963,CGN 락토비프 프로바이오틱 50억CFU60베지캡슐 유산균,캘리포니아골드뉴트리션 LactoBif 프로바이오틱스 50억 CFU 60캡슐,76800,9900,86700,"배송비
9,900원 포함",유라헬,2025-09-03 16:35:25,,,6개,,
https://search.shopping.naver.com/catalog/35366201623,CGN01053,"LactoBif 100 프로바이오틱, 1,000억CFU, 베지 캡슐 30정",캘리포니아골드뉴트리션 LactoBif 프로바이오틱스 1000억 CFU 30캡슐,30980,0,30980,"배송비
무료",11번가,2025-09-03 16:35:33,,,1개,,
https://search.shopping.naver.com/catalog/35366201623,CGN01053,"LactoBif 100 프로바이오틱, 1,000억CFU, 베지 캡슐 30정",캘리포니아골드뉴트리션 LactoBif 프로바이오틱스 1000억 CFU 30캡슐,63030,0,63030,"배송비
무료",옥션,2025-09-03 16:35:36,,,2개,,
https://search.shopping.naver.com/catalog/35366201623,CGN01053,"LactoBif 100 프로바이오틱, 1,000억CFU, 베지 캡슐 30정",캘리포니아골드뉴트리션 LactoBif 프로바이오틱스 1000억 CFU 30캡슐,98500,0,98500,"배송비
무료",옥션,2025-09-03 16:35:39,,,3개,,
https://search.shopping.naver.com/catalog/35366201623,CGN01053,"LactoBif 100 프로바이오틱, 1,000억CFU, 베지 캡슐 30정",캘리포니아골드뉴트리션 LactoBif 프로바이오틱스 1000억 CFU 30캡슐,127790,0,127790,"배송비
무료",11번가,2025-09-03 16:35:42,,,4개,,
https://search.shopping.naver.com/catalog/35366201623,CGN01053,"LactoBif 100 프로바이오틱, 1,000억CFU, 베지 캡슐 30정",캘리포니아골드뉴트리션 LactoBif 프로바이오틱스 1000억 CFU 30캡슐,162000,0,162000,"배송비
무료",W.wanted,2025-09-03 16:35:44,,,5개,,
https://search.shopping.naver.com/catalog/35366201623,CGN01053,"LactoBif 100 프로바이오틱, 1,000억CFU, 베지 캡슐 30정",캘리포니아골드뉴트리션 LactoBif 프로바이오틱스 1000억 CFU 30캡슐,243900,0,243900,"배송비
무료",렛캔,2025-09-03 16:35:47,,,6개,,
https://search.shopping.naver.com/catalog/51929514291,CGN01032,CGN 콜라겐업 히알루론산 비타민C 파우더 무향 464g,캘리포니아골드뉴트리션 콜라겐업 206g 1개,22000,0,22000,"배송비
무료",비타케어365,2025-09-03 16:36:06,,,,1개,206g
https://search.shopping.naver.com/catalog/51929514291,CGN01032,CGN 콜라겐업 히알루론산 비타민C 파우더 무향 464g,캘리포니아골드뉴트리션 콜라겐업 206g 2개,36330,0,36330,"배송비
무료",옥션,2025-09-03 16:36:08,,,,2개,206g
https://search.shopping.naver.com/catalog/51929514291,CGN01032,CGN 콜라겐업 히알루론산 비타민C 파우더 무향 464g,캘리포니아골드뉴트리션 콜라겐업 206g 3개,50220,0,50220,"배송비
무료",옥션,2025-09-03 16:36:11,,,,3개,206g
https://search.shopping.naver.com/catalog/51929514291,CGN01032,CGN 콜라겐업 히알루론산 비타민C 파우더 무향 464g,캘리포니아골드뉴트리션 콜라겐업 206g 4개,106990,10000,116990,"배송비
10,000원 포함",쿠팡,2025-09-03 16:36:14,,,,4개,206g
https://search.shopping.naver.com/catalog/51929514291,CGN01032,CGN 콜라겐업 히알루론산 비타민C 파우더 무향 464g,캘리포니아골드뉴트리션 콜라겐 업 464g 1개,35590,0,35590,"배송비
무료",옥션,2025-09-03 16:36:23,,,,1개,464g
https://search.shopping.naver.com/catalog/51929514291,CGN01032,CGN 콜라겐업 히알루론산 비타민C 파우더 무향 464g,캘리포니아골드뉴트리션 콜라겐 업 464g 2개,72990,0,72990,"배송비
무료",옥션,2025-09-03 16:36:26,,,,2개,464g
https://search.shopping.naver.com/catalog/51929514291,CGN01032,CGN 콜라겐업 히알루론산 비타민C 파우더 무향 464g,캘리포니아골드뉴트리션 콜라겐 업 464g 3개,110280,0,110280,"배송비
무료",옥션,2025-09-03 16:36:29,,,,3개,464g
https://search.shopping.naver.com/catalog/51929514291,CGN01032,CGN 콜라겐업 히알루론산 비타민C 파우더 무향 464g,캘리포니아골드뉴트리션 콜라겐 업 464g 4개,141100,0,141100,"배송비
무료",G마켓,2025-09-03 16:36:32,,,,4개,464g
https://search.shopping.naver.com/catalog/51929514291,CGN01032,CGN 콜라겐업 히알루론산 비타민C 파우더 무향 464g,캘리포니아골드뉴트리션 콜라겐 업 464g 6개,239000,0,239000,"배송비
무료",헬스머니,2025-09-03 16:36:35,,,,6개,464g
https://search.shopping.naver.com/catalog/53648562349,CGN00932,"Gold C, USP 등급 비타민C, 1,000mg, 베지 캡슐 240정",캘리포니아골드뉴트리션 골드C 1000mg x 60캡슐 1개,9430,4500,13930,"배송비
4,500원 포함",옥션,2025-09-03 16:36:53,60캡슐,,,1개,
https://search.shopping.naver.com/catalog/53648562349,CGN00932,"Gold C, USP 등급 비타민C, 1,000mg, 베지 캡슐 240정",캘리포니아골드뉴트리션 골드C 1000mg x 60캡슐 2개,15280,4500,19780,"배송비
4,500원 포함",옥션,2025-09-03 16:36:56,60캡슐,,,2개,
https://search.shopping.naver.com/catalog/53648562349,CGN00932,"Gold C, USP 등급 비타민C, 1,000mg, 베지 캡슐 240정",캘리포니아골드뉴트리션 골드C 1000mg x 60캡슐 3개,19740,4500,24240,"배송비
4,500원 포함",옥션,2025-09-03 16:36:59,60캡슐,,,3개,
https://search.shopping.naver.com/catalog/53648562349,CGN00932,"Gold C, USP 등급 비타민C, 1,000mg, 베지 캡슐 240정",캘리포니아골드뉴트리션 골드C 1000mg x 60캡슐 4개,29300,9900,39200,"배송비
9,900원 포함",리플레이스몰,2025-09-03 16:37:02,60캡슐,,,4개,
https://search.shopping.naver.com/catalog/53648562349,CGN00932,"Gold C, USP 등급 비타민C, 1,000mg, 베지 캡슐 240정",캘리포니아골드뉴트리션 골드C 1000mg x 60캡슐 6개,46260,0,46260,"배송비
무료",템플러스,2025-09-03 16:37:05,60캡슐,,,6개,
https://search.shopping.naver.com/catalog/53648562349,CGN00932,"Gold C, USP 등급 비타민C, 1,000mg, 베지 캡슐 240정",캘리포니아골드뉴트리션 골드C 1000mg x 240캡슐 1개,19900,0,19900,"배송비
무료",11번가,2025-09-03 16:37:14,240캡슐,,,1개,
https://search.shopping.naver.com/catalog/53648562349,CGN00932,"Gold C, USP 등급 비타민C, 1,000mg, 베지 캡슐 240정",캘리포니아골드뉴트리션 골드C 1000mg x 240캡슐 2개,36080,0,36080,"배송비
무료",쿠팡,2025-09-03 16:37:16,240캡슐,,,2개,
https://search.shopping.naver.com/catalog/53648562349,CGN00932,"Gold C, USP 등급 비타민C, 1,000mg, 베지 캡슐 240정",캘리포니아골드뉴트리션 골드C 1000mg x 240캡슐 3개,62900,0,62900,"배송비
무료",클라우드:캐빈,2025-09-03 16:37:19,240캡슐,,,3개,
https://search.shopping.naver.com/catalog/51929493004,NOW04753,"2배 강도 밀크 시슬 추출물,  300mg, 베지 캡슐 200정",나우푸드 실리마린 밀크씨슬 추출물 300mg x 100캡슐 1개,17070,0,17070,"배송비
무료",사가람,2025-09-03 16:37:38,100캡슐,,,1개,
https://search.shopping.naver.com/catalog/51929493004,NOW04753,"2배 강도 밀크 시슬 추출물,  300mg, 베지 캡슐 200정",나우푸드 실리마린 밀크씨슬 추출물 300mg x 100캡슐 2개,28250,0,28250,"배송비
무료",옥션,2025-09-03 16:37:41,100캡슐,,,2개,
https://search.shopping.naver.com/catalog/51929493004,NOW04753,"2배 강도 밀크 시슬 추출물,  300mg, 베지 캡슐 200정",나우푸드 실리마린 밀크씨슬 추출물 300mg x 100캡슐 3개,42390,0,42390,"배송비
무료",옥션,2025-09-03 16:37:44,100캡슐,,,3개,
https://search.shopping.naver.com/catalog/51929493004,NOW04753,"2배 강도 밀크 시슬 추출물,  300mg, 베지 캡슐 200정",나우푸드 실리마린 밀크씨슬 추출물 300mg x 100캡슐 4개,73800,0,73800,"배송비
무료",11번가,2025-09-03 16:37:47,100캡슐,,,4개,
https://search.shopping.naver.com/catalog/51929493004,NOW04753,"2배 강도 밀크 시슬 추출물,  300mg, 베지 캡슐 200정",나우푸드 실리마린 밀크씨슬 추출물 300mg x 100캡슐 5개,91100,0,91100,"배송비
무료",11번가,2025-09-03 16:37:49,100캡슐,,,5개,
https://search.shopping.naver.com/catalog/51929493004,NOW04753,"2배 강도 밀크 시슬 추출물,  300mg, 베지 캡슐 200정",나우푸드 실리마린 밀크씨슬 추출물 300mg x 100캡슐 6개,118900,0,118900,"배송비
무료",기니스토어,2025-09-03 16:37:52,100캡슐,,,6개,
https://search.shopping.naver.com/catalog/51929493004,NOW04753,"2배 강도 밀크 시슬 추출물,  300mg, 베지 캡슐 200정",나우푸드 실리마린 밀크씨슬 300mg x 200캡슐 1개,24530,0,24530,"배송비
무료",세이브비타,2025-09-03 16:38:01,200캡슐,,,1개,
https://search.shopping.naver.com/catalog/51929493004,NOW04753,"2배 강도 밀크 시슬 추출물,  300mg, 베지 캡슐 200정",나우푸드 실리마린 밀크씨슬 300mg x 200캡슐 2개,41970,0,41970,"배송비
무료",옥션,2025-09-03 16:38:04,200캡슐,,,2개,
https://search.shopping.naver.com/catalog/51929493004,NOW04753,"2배 강도 밀크 시슬 추출물,  300mg, 베지 캡슐 200정",나우푸드 실리마린 밀크씨슬 300mg x 200캡슐 3개,63550,0,63550,"배송비
무료",옥션,2025-09-03 16:38:07,200캡슐,,,3개,
https://search.shopping.naver.com/catalog/51929493004,NOW04753,"2배 강도 밀크 시슬 추출물,  300mg, 베지 캡슐 200정",나우푸드 실리마린 밀크씨슬 300mg x 200캡슐 4개,99500,9900,109400,"배송비
9,900원 포함",퀵어스몰,2025-09-03 16:38:10,200캡슐,,,4개,
https://search.shopping.naver.com/catalog/51929493004,NOW04753,"2배 강도 밀크 시슬 추출물,  300mg, 베지 캡슐 200정",나우푸드 실리마린 밀크씨슬 300mg x 200캡슐 5개,163900,18900,182800,"배송비
18,900원 포함",헬씨파워,2025-09-03 16:38:13,200캡슐,,,5개,
https://search.shopping.naver.com/catalog/51929493004,NOW04753,"2배 강도 밀크 시슬 추출물,  300mg, 베지 캡슐 200정",나우푸드 실리마린 밀크씨슬 300mg x 200캡슐 6개,146960,0,146960,"배송비
무료",G마켓,2025-09-03 16:38:16,200캡슐,,,6개,
https://search.shopping.naver.com/catalog/35322558619,CGN01065,"비타민D3, 125mcg(5,000IU), 피쉬 젤라틴 소프트젤 90정",캘리포니아골드뉴트리션 비타민D3 5000IU 90캡슐,8000,0,8000,"배송비
무료",비타케어365,2025-09-03 16:38:24,,,1개,,
https://search.shopping.naver.com/catalog/35322558619,CGN01065,"비타민D3, 125mcg(5,000IU), 피쉬 젤라틴 소프트젤 90정",캘리포니아골드뉴트리션 비타민D3 5000IU 90캡슐,15860,4500,20360,"배송비
4,500원 포함",아이허브 공식스토어,2025-09-03 16:38:27,,,2개,,
https://search.shopping.naver.com/catalog/35322558619,CGN01065,"비타민D3, 125mcg(5,000IU), 피쉬 젤라틴 소프트젤 90정",캘리포니아골드뉴트리션 비타민D3 5000IU 90캡슐,21540,4500,26040,"배송비
4,500원 포함",아이허브 공식스토어,2025-09-03 16:38:29,,,3개,,
https://search.shopping.naver.com/catalog/35322558619,CGN01065,"비타민D3, 125mcg(5,000IU), 피쉬 젤라틴 소프트젤 90정",캘리포니아골드뉴트리션 비타민D3 5000IU 90캡슐,28400,9900,38300,"배송비
9,900원 포함",HYSHOP,2025-09-03 16:38:32,,,4개,,
https://search.shopping.naver.com/catalog/35322558619,CGN01065,"비타민D3, 125mcg(5,000IU), 피쉬 젤라틴 소프트젤 90정",캘리포니아골드뉴트리션 비타민D3 5000IU 90캡슐,52650,0,52650,"배송비
무료",11번가,2025-09-03 16:38:35,,,5개,,
https://search.shopping.naver.com/catalog/35322558619,CGN01065,"비타민D3, 125mcg(5,000IU), 피쉬 젤라틴 소프트젤 90정",캘리포니아골드뉴트리션 비타민D3 5000IU 90캡슐,56900,20000,76900,"배송비
20,000원 포함",쿠팡,2025-09-03 16:38:38,,,6개,,
https://search.shopping.naver.com/catalog/53648562365,CGN00931,"Gold C, USP 등급 비타민C, 1,000mg, 베지 캡슐 60정",캘리포니아골드뉴트리션 골드C 1000mg x 60캡슐 1개,9430,4500,13930,"배송비
4,500원 포함",옥션,2025-09-03 16:38:53,60캡슐,,,1개,
https://search.shopping.naver.com/catalog/53648562365,CGN00931,"Gold C, USP 등급 비타민C, 1,000mg, 베지 캡슐 60정",캘리포니아골드뉴트리션 골드C 1000mg x 60캡슐 2개,15280,4500,19780,"배송비
4,500원 포함",옥션,2025-09-03 16:38:56,60캡슐,,,2개,
https://search.shopping.naver.com/catalog/53648562365,CGN00931,"Gold C, USP 등급 비타민C, 1,000mg, 베지 캡슐 60정",캘리포니아골드뉴트리션 골드C 1000mg x 60캡슐 3개,19740,4500,24240,"배송비
4,500원 포함",옥션,2025-09-03 16:38:58,60캡슐,,,3개,
https://search.shopping.naver.com/catalog/53648562365,CGN00931,"Gold C, USP 등급 비타민C, 1,000mg, 베지 캡슐 60정",캘리포니아골드뉴트리션 골드C 1000mg x 60캡슐 4개,29300,9900,39200,"배송비
9,900원 포함",리플레이스몰,2025-09-03 16:39:01,60캡슐,,,4개,
https://search.shopping.naver.com/catalog/53648562365,CGN00931,"Gold C, USP 등급 비타민C, 1,000mg, 베지 캡슐 60정",캘리포니아골드뉴트리션 골드C 1000mg x 60캡슐 6개,46260,0,46260,"배송비
무료",템플러스,2025-09-03 16:39:04,60캡슐,,,6개,
https://search.shopping.naver.com/catalog/53648562365,CGN00931,"Gold C, USP 등급 비타민C, 1,000mg, 베지 캡슐 60정",캘리포니아골드뉴트리션 골드C 1000mg x 240캡슐 1개,19900,0,19900,"배송비
무료",11번가,2025-09-03 16:39:13,240캡슐,,,1개,
https://search.shopping.naver.com/catalog/53648562365,CGN00931,"Gold C, USP 등급 비타민C, 1,000mg, 베지 캡슐 60정",캘리포니아골드뉴트리션 골드C 1000mg x 240캡슐 2개,36080,0,36080,"배송비
무료",쿠팡,2025-09-03 16:39:16,240캡슐,,,2개,
https://search.shopping.naver.com/catalog/53648562365,CGN00931,"Gold C, USP 등급 비타민C, 1,000mg, 베지 캡슐 60정",캘리포니아골드뉴트리션 골드C 1000mg x 240캡슐 3개,62900,0,62900,"배송비
무료",클라우드:캐빈,2025-09-03 16:39:19,240캡슐,,,3개,
https://search.shopping.naver.com/catalog/51929502201,DRB00097,옵티MSM 함유 1500mg 120정 OptiMSM 식이유황,닥터스베스트 MSM 타블렛 1500mg x 120정 1개,9800,0,9800,"배송비
무료",로스스토어,2025-09-03 16:39:35,120정,,,1개,
https://search.shopping.naver.com/catalog/51929502201,DRB00097,옵티MSM 함유 1500mg 120정 OptiMSM 식이유황,닥터스베스트 MSM 타블렛 1500mg x 120정 2개,23520,4500,28020,"배송비
4,500원 포함",아이허브 공식스토어,2025-09-03 16:39:38,120정,,,2개,
https://search.shopping.naver.com/catalog/51929502201,DRB00097,옵티MSM 함유 1500mg 120정 OptiMSM 식이유황,닥터스베스트 MSM 타블렛 1500mg x 120정 3개,28540,0,28540,"배송비
무료",아이허브 공식스토어,2025-09-03 16:39:42,120정,,,3개,
https://search.shopping.naver.com/catalog/51929502201,DRB00097,옵티MSM 함유 1500mg 120정 OptiMSM 식이유황,닥터스베스트 MSM 타블렛 1500mg x 120정 4개,40000,0,40000,"배송비
무료",아이허브 공식스토어,2025-09-03 16:39:45,120정,,,4개,
https://search.shopping.naver.com/catalog/51929502201,DRB00097,옵티MSM 함유 1500mg 120정 OptiMSM 식이유황,닥터스베스트 MSM 타블렛 1500mg x 120정 5개,69990,0,69990,"배송비
무료",11번가,2025-09-03 16:39:47,120정,,,5개,
https://search.shopping.naver.com/catalog/51929502201,DRB00097,옵티MSM 함유 1500mg 120정 OptiMSM 식이유황,닥터스베스트 MSM 타블렛 1500mg x 120정 6개,72140,0,72140,"배송비
무료",옥션,2025-09-03 16:39:50,120정,,,6개,
https://search.shopping.naver.com/catalog/53548645758,DRB00025,"고흡수 마그네슘, 200mg(1정당 100mg), 120정",닥터스베스트 고흡수 마그네슘 100mg x 120정 1개,10100,0,10100,"배송비
무료",로스스토어,2025-09-03 16:40:05,120정,,,1개,
https://search.shopping.naver.com/catalog/53548645758,DRB00025,"고흡수 마그네슘, 200mg(1정당 100mg), 120정",닥터스베스트 고흡수 마그네슘 100mg x 120정 2개,23080,4500,27580,"배송비
4,500원 포함",옥션,2025-09-03 16:40:08,120정,,,2개,
https://search.shopping.naver.com/catalog/53548645758,DRB00025,"고흡수 마그네슘, 200mg(1정당 100mg), 120정",닥터스베스트 고흡수 마그네슘 100mg x 120정 3개,29100,0,29100,"배송비
무료",옥션,2025-09-03 16:40:11,120정,,,3개,
https://search.shopping.naver.com/catalog/53548645758,DRB00025,"고흡수 마그네슘, 200mg(1정당 100mg), 120정",닥터스베스트 고흡수 마그네슘 100mg x 120정 4개,37150,0,37150,"배송비
무료",옥션,2025-09-03 16:40:14,120정,,,4개,
https://search.shopping.naver.com/catalog/53548645758,DRB00025,"고흡수 마그네슘, 200mg(1정당 100mg), 120정",닥터스베스트 고흡수 마그네슘 100mg x 240정 1개,18300,0,18300,"배송비
무료",비타케어365,2025-09-03 16:40:23,240정,,,1개,
https://search.shopping.naver.com/catalog/53548645758,DRB00025,"고흡수 마그네슘, 200mg(1정당 100mg), 120정",닥터스베스트 고흡수 마그네슘 100mg x 240정 2개,36990,0,36990,"배송비
무료",세이브비타,2025-09-03 16:40:26,240정,,,2개,
https://search.shopping.naver.com/catalog/53548645758,DRB00025,"고흡수 마그네슘, 200mg(1정당 100mg), 120정",닥터스베스트 고흡수 마그네슘 100mg x 240정 3개,53000,0,53000,"배송비
무료",비타케어365,2025-09-03 16:40:29,240정,,,3개,
https://search.shopping.naver.com/catalog/53548645758,DRB00025,"고흡수 마그네슘, 200mg(1정당 100mg), 120정",닥터스베스트 고흡수 마그네슘 100mg x 240정 4개,89200,0,89200,"배송비
무료",올스케어,2025-09-03 16:40:33,240정,,,4개,
https://search.shopping.naver.com/catalog/53548645758,DRB00025,"고흡수 마그네슘, 200mg(1정당 100mg), 120정",닥터스베스트 고흡수 마그네슘 100mg x 240정 5개,137000,20000,157000,"배송비
20,000원 포함",쿠팡,2025-09-03 16:40:35,240정,,,5개,
https://search.shopping.naver.com/catalog/53548645758,DRB00025,"고흡수 마그네슘, 200mg(1정당 100mg), 120정",닥터스베스트 고흡수 마그네슘 100mg x 240정 6개,164600,0,164600,"배송비
무료",쿠팡,2025-09-03 16:40:38,240정,,,6개,
https://search.shopping.naver.com/catalog/53549707369,NOW00035,L-아르기닌 더블 스트렝스 1000mg 120정,나우푸드 L-아르기닌 1000mg x 120정 1개,19930,0,19930,"배송비
무료",세이브비타,2025-09-03 16:40:53,120정,,,1개,
https://search.shopping.naver.com/catalog/53549707369,NOW00035,L-아르기닌 더블 스트렝스 1000mg 120정,나우푸드 L-아르기닌 1000mg x 120정 2개,38800,0,38800,"배송비
무료",2simple,2025-09-03 16:40:57,120정,,,2개,
https://search.shopping.naver.com/catalog/53549707369,NOW00035,L-아르기닌 더블 스트렝스 1000mg 120정,나우푸드 L-아르기닌 1000mg x 120정 3개,50480,0,50480,"배송비
무료",옥션,2025-09-03 16:41:00,120정,,,3개,
https://search.shopping.naver.com/catalog/53549707369,NOW00035,L-아르기닌 더블 스트렝스 1000mg 120정,나우푸드 L-아르기닌 1000mg x 120정 4개,81000,0,81000,"배송비
무료",Besthall,2025-09-03 16:41:03,120정,,,4개,
https://search.shopping.naver.com/catalog/53549707369,NOW00035,L-아르기닌 더블 스트렝스 1000mg 120정,나우푸드 L-아르기닌 1000mg x 120정 5개,99300,0,99300,"배송비
무료",Besthall,2025-09-03 16:41:05,120정,,,5개,
https://search.shopping.naver.com/catalog/53549707369,NOW00035,L-아르기닌 더블 스트렝스 1000mg 120정,나우푸드 L-아르기닌 1000mg x 120정 6개,106000,0,106000,"배송비
무료",G마켓,2025-09-03 16:41:08,120정,,,6개,
https://search.shopping.naver.com/catalog/35417697618,NFS03543,"WellBetX, 베르베린, 베지 캡슐 120정(캡슐 1정당 500mg)",네추럴팩터스 베르베린 120캡슐,26890,0,26890,"배송비
무료",세이브비타,2025-09-03 16:41:17,,,1개,,
https://search.shopping.naver.com/catalog/35417697618,NFS03543,"WellBetX, 베르베린, 베지 캡슐 120정(캡슐 1정당 500mg)",네추럴팩터스 베르베린 120캡슐,51740,0,51740,"배송비
무료",옥션,2025-09-03 16:41:19,,,2개,,
https://search.shopping.naver.com/catalog/35417697618,NFS03543,"WellBetX, 베르베린, 베지 캡슐 120정(캡슐 1정당 500mg)",네추럴팩터스 베르베린 120캡슐,99500,0,99500,"배송비
무료",진진웰니스,2025-09-03 16:41:22,,,3개,,
https://search.shopping.naver.com/catalog/35417697618,NFS03543,"WellBetX, 베르베린, 베지 캡슐 120정(캡슐 1정당 500mg)",네추럴팩터스 베르베린 120캡슐,179300,0,179300,"배송비
무료",11번가,2025-09-03 16:41:25,,,4개,,
https://search.shopping.naver.com/catalog/53546501870,DRB00183,바이오페린 고흡수 코큐텐 100mg 120소프트젤,닥터스베스트 고흡수 코엔자임 Q10 바이오페린 100mg x 120캡 1개,18490,0,18490,"배송비
무료",세이브비타,2025-09-03 16:41:40,120캡슐,,,1개,
https://search.shopping.naver.com/catalog/53546501870,DRB00183,바이오페린 고흡수 코큐텐 100mg 120소프트젤,닥터스베스트 고흡수 코엔자임 Q10 바이오페린 100mg x 120캡 2개,34170,0,34170,"배송비
무료",세이브비타,2025-09-03 16:41:43,120캡슐,,,2개,
https://search.shopping.naver.com/catalog/53546501870,DRB00183,바이오페린 고흡수 코큐텐 100mg 120소프트젤,닥터스베스트 고흡수 코엔자임 Q10 바이오페린 100mg x 120캡 3개,50680,0,50680,"배송비
무료",옥션,2025-09-03 16:41:46,120캡슐,,,3개,
https://search.shopping.naver.com/catalog/53546501870,DRB00183,바이오페린 고흡수 코큐텐 100mg 120소프트젤,닥터스베스트 고흡수 코엔자임 Q10 바이오페린 100mg x 120캡 4개,97370,0,97370,"배송비
무료",롯데ON,2025-09-03 16:41:49,120캡슐,,,4개,
https://search.shopping.naver.com/catalog/53546501870,DRB00183,바이오페린 고흡수 코큐텐 100mg 120소프트젤,닥터스베스트 고흡수 코엔자임 Q10 바이오페린 100mg x 120캡 5개,169000,0,169000,"배송비
무료",쿠팡,2025-09-03 16:41:52,120캡슐,,,5개,
https://search.shopping.naver.com/catalog/53546501870,DRB00183,바이오페린 고흡수 코큐텐 100mg 120소프트젤,닥터스베스트 고흡수 코엔자임 Q10 바이오페린 100mg x 120캡 6개,167900,0,167900,"배송비
무료",줄투와트,2025-09-03 16:41:54,120캡슐,,,6개,
https://search.shopping.naver.com/catalog/35364009620,CGN01104,CGN 아스타잔틴4개월분 순수아이슬란드산12mg 120소프트젤,캘리포니아골드뉴트리션 아스타잔틴 120캡슐,52940,20000,72940,"배송비
20,000원 포함",쿠팡,2025-09-03 16:42:03,,,1개,,
https://search.shopping.naver.com/catalog/35364009620,CGN01104,CGN 아스타잔틴4개월분 순수아이슬란드산12mg 120소프트젤,캘리포니아골드뉴트리션 아스타잔틴 120캡슐,118800,9900,128700,"배송비
9,900원 포함",우리의직구,2025-09-03 16:42:06,,,2개,,
https://search.shopping.naver.com/catalog/35364009620,CGN01104,CGN 아스타잔틴4개월분 순수아이슬란드산12mg 120소프트젤,캘리포니아골드뉴트리션 아스타잔틴 120캡슐,138400,9900,148300,"배송비
9,900원 포함",우리의직구,2025-09-03 16:42:09,,,3개,,
https://search.shopping.naver.com/catalog/53531346354,CGN00956,CGN 실리마린 컴플렉스 밀크씨슬 300mg 120베지캡슐,캘리포니아골드뉴트리션 실리마린 300mg x 120캡슐 1개,18340,0,18340,"배송비
무료",비타민해외직구,2025-09-03 16:42:23,120캡슐,,,1개,
https://search.shopping.naver.com/catalog/53531346354,CGN00956,CGN 실리마린 컴플렉스 밀크씨슬 300mg 120베지캡슐,캘리포니아골드뉴트리션 실리마린 300mg x 120캡슐 2개,32440,4500,36940,"배송비
4,500원 포함",비타민해외직구,2025-09-03 16:42:27,120캡슐,,,2개,
https://search.shopping.naver.com/catalog/53531346354,CGN00956,CGN 실리마린 컴플렉스 밀크씨슬 300mg 120베지캡슐,캘리포니아골드뉴트리션 실리마린 300mg x 120캡슐 3개,65800,9900,75700,"배송비
9,900원 포함",세모제구,2025-09-03 16:42:29,120캡슐,,,3개,
https://search.shopping.naver.com/catalog/51929279795,CGN01033,CGN 콜라겐업 히알루론산 비타민C 파우더 무향 206g,캘리포니아골드뉴트리션 콜라겐업 206g 1개,22000,0,22000,"배송비
무료",비타케어365,2025-09-03 16:42:45,,,,1개,206g
https://search.shopping.naver.com/catalog/51929279795,CGN01033,CGN 콜라겐업 히알루론산 비타민C 파우더 무향 206g,캘리포니아골드뉴트리션 콜라겐업 206g 2개,36330,0,36330,"배송비
무료",옥션,2025-09-03 16:42:47,,,,2개,206g
https://search.shopping.naver.com/catalog/51929279795,CGN01033,CGN 콜라겐업 히알루론산 비타민C 파우더 무향 206g,캘리포니아골드뉴트리션 콜라겐업 206g 3개,50220,0,50220,"배송비
무료",옥션,2025-09-03 16:42:50,,,,3개,206g
https://search.shopping.naver.com/catalog/51929279795,CGN01033,CGN 콜라겐업 히알루론산 비타민C 파우더 무향 206g,캘리포니아골드뉴트리션 콜라겐업 206g 4개,106990,10000,116990,"배송비
10,000원 포함",쿠팡,2025-09-03 16:42:53,,,,4개,206g
https://search.shopping.naver.com/catalog/51929279795,CGN01033,CGN 콜라겐업 히알루론산 비타민C 파우더 무향 206g,캘리포니아골드뉴트리션 콜라겐 업 464g 1개,35590,0,35590,"배송비
무료",옥션,2025-09-03 16:43:02,,,,1개,464g
https://search.shopping.naver.com/catalog/51929279795,CGN01033,CGN 콜라겐업 히알루론산 비타민C 파우더 무향 206g,캘리포니아골드뉴트리션 콜라겐 업 464g 2개,72990,0,72990,"배송비
무료",옥션,2025-09-03 16:43:05,,,,2개,464g
https://search.shopping.naver.com/catalog/51929279795,CGN01033,CGN 콜라겐업 히알루론산 비타민C 파우더 무향 206g,캘리포니아골드뉴트리션 콜라겐 업 464g 3개,110280,0,110280,"배송비
무료",옥션,2025-09-03 16:43:08,,,,3개,464g
https://search.shopping.naver.com/catalog/51929279795,CGN01033,CGN 콜라겐업 히알루론산 비타민C 파우더 무향 206g,캘리포니아골드뉴트리션 콜라겐 업 464g 4개,141100,0,141100,"배송비
무료",G마켓,2025-09-03 16:43:11,,,,4개,464g
https://search.shopping.naver.com/catalog/51929279795,CGN01033,CGN 콜라겐업 히알루론산 비타민C 파우더 무향 206g,캘리포니아골드뉴트리션 콜라겐 업 464g 6개,239000,0,239000,"배송비
무료",헬스머니,2025-09-03 16:43:14,,,,6개,464g
https://search.shopping.naver.com/catalog/54367684736,CGN00946,"꿀벌 프로폴리스 2X, 농축 추출물, 500mg, 베지 캡슐 240정",캘리포니아골드뉴트리션 꿀벌 프로폴리스 2X 240캡슐,0,0,0,가격 정보 없음,쇼핑몰 정보 없음,2025-09-03 16:43:20,,,,,
https://search.shopping.naver.com/catalog/53547120084,SRE01183,"오메가3 피쉬 오일, 3배 강도, 소프트젤 90정",스포츠리서치 트리플 스트렝스 오메가-3 피쉬 오일 30정 1개,23330,4500,27830,"배송비
4,500원 포함",옥션,2025-09-03 16:43:39,30정,,,1개,
https://search.shopping.naver.com/catalog/53547120084,SRE01183,"오메가3 피쉬 오일, 3배 강도, 소프트젤 90정",스포츠리서치 트리플 스트렝스 오메가-3 피쉬 오일 30정 2개,37660,0,37660,"배송비
무료",옥션,2025-09-03 16:43:42,30정,,,2개,
https://search.shopping.naver.com/catalog/53547120084,SRE01183,"오메가3 피쉬 오일, 3배 강도, 소프트젤 90정",스포츠리서치 트리플 스트렝스 오메가-3 피쉬 오일 30정 3개,39800,9900,49700,"배송비
9,900원 포함",진심비타민,2025-09-03 16:43:45,30정,,,3개,
https://search.shopping.naver.com/catalog/53547120084,SRE01183,"오메가3 피쉬 오일, 3배 강도, 소프트젤 90정",스포츠리서치 트리플 스트렝스 오메가-3 피쉬 오일 30정 4개,78250,0,78250,"배송비
무료",알파카상점,2025-09-03 16:43:48,30정,,,4개,
https://search.shopping.naver.com/catalog/53547120084,SRE01183,"오메가3 피쉬 오일, 3배 강도, 소프트젤 90정",스포츠리서치 트리플 스트렝스 오메가-3 피쉬 오일 30정 6개,105500,5000,110500,"배송비
5,000원 포함",쿠팡,2025-09-03 16:43:51,30정,,,6개,
https://search.shopping.naver.com/catalog/53547120084,SRE01183,"오메가3 피쉬 오일, 3배 강도, 소프트젤 90정",스포츠리서치 트리플 스트렝스 피쉬 오일 90정 1개,30180,0,30180,"배송비
무료",롯데ON,2025-09-03 16:44:00,90정,,,1개,
https://search.shopping.naver.com/catalog/53547120084,SRE01183,"오메가3 피쉬 오일, 3배 강도, 소프트젤 90정",스포츠리서치 트리플 스트렝스 피쉬 오일 90정 2개,55430,0,55430,"배송비
무료",롯데ON,2025-09-03 16:44:03,90정,,,2개,
https://search.shopping.naver.com/catalog/53547120084,SRE01183,"오메가3 피쉬 오일, 3배 강도, 소프트젤 90정",스포츠리서치 트리플 스트렝스 피쉬 오일 90정 3개,79190,0,79190,"배송비
무료",롯데ON,2025-09-03 16:44:06,90정,,,3개,
https://search.shopping.naver.com/catalog/53547120084,SRE01183,"오메가3 피쉬 오일, 3배 강도, 소프트젤 90정",스포츠리서치 트리플 스트렝스 피쉬 오일 90정 4개,105590,0,105590,"배송비
무료",롯데ON,2025-09-03 16:44:09,90정,,,4개,
https://search.shopping.naver.com/catalog/35341723619,CGN01179,"비타민D3, 50mcg(2,000IU), 피쉬 젤라틴 소프트젤 90정",캘리포니아골드뉴트리션 비타민D3 2000IU 90캡슐,9110,4500,13610,"배송비
4,500원 포함",옥션,2025-09-03 16:44:19,,,1개,,
https://search.shopping.naver.com/catalog/35341723619,CGN01179,"비타민D3, 50mcg(2,000IU), 피쉬 젤라틴 소프트젤 90정",캘리포니아골드뉴트리션 비타민D3 2000IU 90캡슐,14180,4500,18680,"배송비
4,500원 포함",옥션,2025-09-03 16:44:22,,,2개,,
https://search.shopping.naver.com/catalog/35341723619,CGN01179,"비타민D3, 50mcg(2,000IU), 피쉬 젤라틴 소프트젤 90정",캘리포니아골드뉴트리션 비타민D3 2000IU 90캡슐,19190,4500,23690,"배송비
4,500원 포함",옥션,2025-09-03 16:44:24,,,3개,,
https://search.shopping.naver.com/catalog/35341723619,CGN01179,"비타민D3, 50mcg(2,000IU), 피쉬 젤라틴 소프트젤 90정",캘리포니아골드뉴트리션 비타민D3 2000IU 90캡슐,24120,4500,28620,"배송비
4,500원 포함",옥션,2025-09-03 16:44:27,,,4개,,
https://search.shopping.naver.com/catalog/35341723619,CGN01179,"비타민D3, 50mcg(2,000IU), 피쉬 젤라틴 소프트젤 90정",캘리포니아골드뉴트리션 비타민D3 2000IU 90캡슐,29750,0,29750,"배송비
무료",옥션,2025-09-03 16:44:30,,,6개,,
https://search.shopping.naver.com/catalog/53547014807,SRE09153,오메가3 피쉬 오일 3배 강도 소프트젤 180정,오메가3 피쉬오일 1250mg x 180정 1개,54110,0,54110,"배송비
무료",롯데ON,2025-09-03 16:44:45,180정,,,1개,
https://search.shopping.naver.com/catalog/53547014807,SRE09153,오메가3 피쉬 오일 3배 강도 소프트젤 180정,오메가3 피쉬오일 1250mg x 180정 2개,101190,0,101190,"배송비
무료",롯데ON,2025-09-03 16:44:48,180정,,,2개,
https://search.shopping.naver.com/catalog/53547014807,SRE09153,오메가3 피쉬 오일 3배 강도 소프트젤 180정,오메가3 피쉬오일 1250mg x 180정 3개,149590,0,149590,"배송비
무료",롯데ON,2025-09-03 16:44:51,180정,,,3개,
https://search.shopping.naver.com/catalog/53547014807,SRE09153,오메가3 피쉬 오일 3배 강도 소프트젤 180정,오메가3 피쉬오일 1250mg x 180정 4개,189190,0,189190,"배송비
무료",롯데ON,2025-09-03 16:44:54,180정,,,4개,
https://search.shopping.naver.com/catalog/53547025308,CGN01251,오메가800 피쉬오일 EPA/DHA 800mg 30젤,캘리포니아골드뉴트리션 오메가3 800 100mg x 30캡슐 1개,13500,0,13500,"배송비
무료",비타케어365,2025-09-03 16:45:09,30캡슐,,,1개,
https://search.shopping.naver.com/catalog/53547025308,CGN01251,오메가800 피쉬오일 EPA/DHA 800mg 30젤,캘리포니아골드뉴트리션 오메가3 800 100mg x 30캡슐 2개,26090,4500,30590,"배송비
4,500원 포함",옥션,2025-09-03 16:45:12,30캡슐,,,2개,
https://search.shopping.naver.com/catalog/53547025308,CGN01251,오메가800 피쉬오일 EPA/DHA 800mg 30젤,캘리포니아골드뉴트리션 오메가3 800 100mg x 30캡슐 3개,31440,0,31440,"배송비
무료",옥션,2025-09-03 16:45:14,30캡슐,,,3개,
https://search.shopping.naver.com/catalog/53547025308,CGN01251,오메가800 피쉬오일 EPA/DHA 800mg 30젤,캘리포니아골드뉴트리션 오메가3 800 100mg x 30캡슐 4개,43680,0,43680,"배송비
무료",옥션,2025-09-03 16:45:17,30캡슐,,,4개,
https://search.shopping.naver.com/catalog/53547025308,CGN01251,오메가800 피쉬오일 EPA/DHA 800mg 30젤,캘리포니아골드뉴트리션 오메가3 800 100mg x 30캡슐 6개,63800,9900,73700,"배송비
9,900원 포함",티티엑스,2025-09-03 16:45:20,30캡슐,,,6개,
https://search.shopping.naver.com/catalog/53547025308,CGN01251,오메가800 피쉬오일 EPA/DHA 800mg 30젤,캘리포니아골드뉴트리션 오메가 800 1000mg x 90캡슐 1개,25750,0,25750,"배송비
무료",옥션,2025-09-03 16:45:29,90캡슐,,,1개,
https://search.shopping.naver.com/catalog/53547025308,CGN01251,오메가800 피쉬오일 EPA/DHA 800mg 30젤,캘리포니아골드뉴트리션 오메가 800 1000mg x 90캡슐 2개,53190,0,53190,"배송비
무료",옥션,2025-09-03 16:45:32,90캡슐,,,2개,
https://search.shopping.naver.com/catalog/53547025308,CGN01251,오메가800 피쉬오일 EPA/DHA 800mg 30젤,캘리포니아골드뉴트리션 오메가 800 1000mg x 90캡슐 3개,79780,0,79780,"배송비
무료",옥션,2025-09-03 16:45:35,90캡슐,,,3개,
https://search.shopping.naver.com/catalog/53547025308,CGN01251,오메가800 피쉬오일 EPA/DHA 800mg 30젤,캘리포니아골드뉴트리션 오메가 800 1000mg x 90캡슐 4개,105500,0,105500,"배송비
무료",W.wanted,2025-09-03 16:45:38,90캡슐,,,4개,
https://search.shopping.naver.com/catalog/53547025308,CGN01251,오메가800 피쉬오일 EPA/DHA 800mg 30젤,캘리포니아골드뉴트리션 오메가 800 1000mg x 90캡슐 5개,156900,0,156900,"배송비
무료",비타바이옴,2025-09-03 16:45:40,90캡슐,,,5개,
https://search.shopping.naver.com/catalog/53547025308,CGN01251,오메가800 피쉬오일 EPA/DHA 800mg 30젤,캘리포니아골드뉴트리션 오메가 800 1000mg x 90캡슐 6개,106500,0,106500,"배송비
무료",롯데ON,2025-09-03 16:45:43,90캡슐,,,6개,
https://search.shopping.naver.com/catalog/35410814619,NWY12285,Natures Way 어린이용 삼부커스 엘더베리 60구미,네이쳐스웨이 어린이용 삼부커스 엘더베리 구미젤리 60개,21820,4500,26320,"배송비
4,500원 포함",아이허브 공식스토어,2025-09-03 16:45:51,,,1개,,
https://search.shopping.naver.com/catalog/35410814619,NWY12285,Natures Way 어린이용 삼부커스 엘더베리 60구미,네이쳐스웨이 어린이용 삼부커스 엘더베리 구미젤리 60개,34640,0,34640,"배송비
무료",아이허브 공식스토어,2025-09-03 16:45:54,,,2개,,
https://search.shopping.naver.com/catalog/35410814619,NWY12285,Natures Way 어린이용 삼부커스 엘더베리 60구미,네이쳐스웨이 어린이용 삼부커스 엘더베리 구미젤리 60개,51970,0,51970,"배송비
무료",아이허브 공식스토어,2025-09-03 16:45:57,,,3개,,
https://search.shopping.naver.com/catalog/35410814619,NWY12285,Natures Way 어린이용 삼부커스 엘더베리 60구미,상품명 없음,0,0,0,가격 정보 없음,쇼핑몰 정보 없음,2025-09-03 16:46:00,,,4개,,
https://search.shopping.naver.com/catalog/35346002621,CGN01180,비타민D3 50mcg(2000IU)피쉬젤라틴 소프트젤 360정,캘리포니아골드뉴트리션 비타민D3 2000IU 360캡슐,17250,4500,21750,"배송비
4,500원 포함",옥션,2025-09-03 16:46:10,,,1개,,
https://search.shopping.naver.com/catalog/35346002621,CGN01180,비타민D3 50mcg(2000IU)피쉬젤라틴 소프트젤 360정,캘리포니아골드뉴트리션 비타민D3 2000IU 360캡슐,32360,4500,36860,"배송비
4,500원 포함",옥션,2025-09-03 16:46:13,,,2개,,
https://search.shopping.naver.com/catalog/35346002621,CGN01180,비타민D3 50mcg(2000IU)피쉬젤라틴 소프트젤 360정,캘리포니아골드뉴트리션 비타민D3 2000IU 360캡슐,41790,0,41790,"배송비
무료",옥션,2025-09-03 16:46:16,,,3개,,
https://search.shopping.naver.com/catalog/48094808618,LEX17271,"비타민K2 함유 본 리스토어, 캡슐 120정",라이프익스텐션 본 리스토어 캡슐 120정,18530,0,18530,"배송비
무료",착한농부 스토어,2025-09-03 16:46:24,,,1개,,
https://search.shopping.naver.com/catalog/48094808618,LEX17271,"비타민K2 함유 본 리스토어, 캡슐 120정",라이프익스텐션 본 리스토어 캡슐 120정,36100,0,36100,"배송비
무료",뉴트리픽,2025-09-03 16:46:27,,,2개,,
https://search.shopping.naver.com/catalog/48094808618,LEX17271,"비타민K2 함유 본 리스토어, 캡슐 120정",라이프익스텐션 본 리스토어 캡슐 120정,56020,0,56020,"배송비
무료",옥션,2025-09-03 16:46:30,,,3개,,
https://search.shopping.naver.com/catalog/48094808618,LEX17271,"비타민K2 함유 본 리스토어, 캡슐 120정",라이프익스텐션 본 리스토어 캡슐 120정,71900,10000,81900,"배송비
10,000원 포함",직구이지,2025-09-03 16:46:32,,,4개,,
https://search.shopping.naver.com/catalog/53599884003,CDL10900,"비타민D3,  베리맛, 30ml (1fl oz)",차일드라이프 비타민D3 천연 베리맛 30ml 1개,10000,5000,15000,"배송비
5,000원 포함",쿠팡,2025-09-03 16:46:48,,,,1개,30ml
https://search.shopping.naver.com/catalog/53599884003,CDL10900,"비타민D3,  베리맛, 30ml (1fl oz)",차일드라이프 비타민D3 천연 베리맛 30ml 2개,23130,4500,27630,"배송비
4,500원 포함",옥션,2025-09-03 16:46:51,,,,2개,30ml
https://search.shopping.naver.com/catalog/53599884003,CDL10900,"비타민D3,  베리맛, 30ml (1fl oz)",차일드라이프 비타민D3 천연 베리맛 30ml 3개,27420,0,27420,"배송비
무료",옥션,2025-09-03 16:46:54,,,,3개,30ml
https://search.shopping.naver.com/catalog/53599884003,CDL10900,"비타민D3,  베리맛, 30ml (1fl oz)",차일드라이프 비타민D3 천연 베리맛 30ml 4개,55600,0,55600,"배송비
무료",인생아이템,2025-09-03 16:46:56,,,,4개,30ml
https://search.shopping.naver.com/catalog/53599884003,CDL10900,"비타민D3,  베리맛, 30ml (1fl oz)",차일드라이프 비타민D3 천연 베리맛 30ml 5개,66200,0,66200,"배송비
무료",인생아이템,2025-09-03 16:46:59,,,,5개,30ml
https://search.shopping.naver.com/catalog/53599884003,CDL10900,"비타민D3,  베리맛, 30ml (1fl oz)",차일드라이프 비타민D3 천연 베리맛 30ml 6개,79200,0,79200,"배송비
무료",인생아이템,2025-09-03 16:47:02,,,,6개,30ml
https://search.shopping.naver.com/catalog/35325269618,CEN22263,"칼슘 마그네슘 아연 + D3, 90정",21세기센트리 칼슘 마그네슘 아연 D3 90정,8700,4500,13200,"배송비
4,500원 포함",옥션,2025-09-03 16:47:10,,,1개,,
https://search.shopping.naver.com/catalog/35325269618,CEN22263,"칼슘 마그네슘 아연 + D3, 90정",21세기센트리 칼슘 마그네슘 아연 D3 90정,14300,0,14300,"배송비
무료",싸다구미쿡,2025-09-03 16:47:13,,,2개,,
https://search.shopping.naver.com/catalog/35325269618,CEN22263,"칼슘 마그네슘 아연 + D3, 90정",21세기센트리 칼슘 마그네슘 아연 D3 90정,17480,4500,21980,"배송비
4,500원 포함",옥션,2025-09-03 16:47:24,,,3개,,
https://search.shopping.naver.com/catalog/35325269618,CEN22263,"칼슘 마그네슘 아연 + D3, 90정",21세기센트리 칼슘 마그네슘 아연 D3 90정,26850,0,26850,"배송비
무료",G마켓,2025-09-03 16:47:27,,,4개,,
https://search.shopping.naver.com/catalog/35325269618,CEN22263,"칼슘 마그네슘 아연 + D3, 90정",21세기센트리 칼슘 마그네슘 아연 D3 90정,33050,0,33050,"배송비
무료",G마켓,2025-09-03 16:47:30,,,5개,,
https://search.shopping.naver.com/catalog/35325269618,CEN22263,"칼슘 마그네슘 아연 + D3, 90정",21세기센트리 칼슘 마그네슘 아연 D3 90정,38300,0,38300,"배송비
무료",옥션,2025-09-03 16:47:32,,,6개,,
https://search.shopping.naver.com/catalog/53957515104,BGA46015,프로텍티스 베이비드롭 아기유산균 비타민D 10ml,바이오가이아 프로텍티스 베이비드롭 비타민 D 함유 10ml 1개,29800,4500,34300,"배송비
4,500원 포함",옥션,2025-09-03 16:47:47,,,,1개,10ml
https://search.shopping.naver.com/catalog/53957515104,BGA46015,프로텍티스 베이비드롭 아기유산균 비타민D 10ml,바이오가이아 프로텍티스 베이비드롭 비타민 D 함유 10ml 2개,52270,0,52270,"배송비
무료",옥션,2025-09-03 16:47:50,,,,2개,10ml
https://search.shopping.naver.com/catalog/53957515104,BGA46015,프로텍티스 베이비드롭 아기유산균 비타민D 10ml,바이오가이아 프로텍티스 베이비드롭 비타민 D 함유 10ml 3개,83160,0,83160,"배송비
무료",옥션,2025-09-03 16:47:53,,,,3개,10ml
https://search.shopping.naver.com/catalog/53957515104,BGA46015,프로텍티스 베이비드롭 아기유산균 비타민D 10ml,바이오가이아 프로텍티스 베이비드롭 비타민 D 함유 10ml 4개,107420,0,107420,"배송비
무료",옥션,2025-09-03 16:47:56,,,,4개,10ml
https://search.shopping.naver.com/catalog/53647987528,CGN01203,CGN 100% 분리유형단백질 다크 초콜릿 2.27kg 프로틴,"캘리포니아골드뉴트리션 웨이 프로틴 아이솔레이트 무맛 2.27kg, 1개",95850,0,95850,"배송비
무료",옥션,2025-09-03 16:48:25,,오리지널,,1개,2.27kg
https://search.shopping.naver.com/catalog/53647987528,CGN01203,CGN 100% 분리유형단백질 다크 초콜릿 2.27kg 프로틴,"캘리포니아골드뉴트리션 웨이 프로틴 아이솔레이트 무맛 2.27kg, 2개",228120,19900,248020,"배송비
19,900원 포함",일품스토어,2025-09-03 16:48:28,,오리지널,,2개,2.27kg
https://search.shopping.naver.com/catalog/53647987528,CGN01203,CGN 100% 분리유형단백질 다크 초콜릿 2.27kg 프로틴,"캘리포니아골드뉴트리션 웨이 프로틴 아이솔레이트 다크 초콜릿 2.27kg, 1개",118930,19900,138830,"배송비
19,900원 포함",WITH NIM,2025-09-03 16:48:45,,다크 초코,,1개,2.27kg
https://search.shopping.naver.com/catalog/53546566786,DRB00370,Doctors BEST 루테맥스2020 루테인 20mg 180소프트젤,닥터스베스트 루테인 20mg x 60캡슐 1개,13030,0,13030,"배송비
무료",세이브비타,2025-09-03 16:49:05,60캡슐,,,1개,
https://search.shopping.naver.com/catalog/53546566786,DRB00370,Doctors BEST 루테맥스2020 루테인 20mg 180소프트젤,닥터스베스트 루테인 20mg x 60캡슐 2개,27880,4500,32380,"배송비
4,500원 포함",옥션,2025-09-03 16:49:08,60캡슐,,,2개,
https://search.shopping.naver.com/catalog/53546566786,DRB00370,Doctors BEST 루테맥스2020 루테인 20mg 180소프트젤,닥터스베스트 루테인 20mg x 60캡슐 3개,35070,0,35070,"배송비
무료",옥션,2025-09-03 16:49:11,60캡슐,,,3개,
https://search.shopping.naver.com/catalog/53546566786,DRB00370,Doctors BEST 루테맥스2020 루테인 20mg 180소프트젤,닥터스베스트 루테인 20mg x 60캡슐 4개,46760,0,46760,"배송비
무료",옥션,2025-09-03 16:49:14,60캡슐,,,4개,
https://search.shopping.naver.com/catalog/53546566786,DRB00370,Doctors BEST 루테맥스2020 루테인 20mg 180소프트젤,닥터스베스트 루테인 20mg x 120캡슐 1개,16890,0,16890,"배송비
무료",세이브비타,2025-09-03 16:49:24,120캡슐,,,1개,
https://search.shopping.naver.com/catalog/53546566786,DRB00370,Doctors BEST 루테맥스2020 루테인 20mg 180소프트젤,닥터스베스트 루테인 20mg x 120캡슐 2개,37010,0,37010,"배송비
무료",헬로 유로,2025-09-03 16:49:27,120캡슐,,,2개,
https://search.shopping.naver.com/catalog/53546566786,DRB00370,Doctors BEST 루테맥스2020 루테인 20mg 180소프트젤,닥터스베스트 루테인 20mg x 120캡슐 3개,55290,0,55290,"배송비
무료",헬로 유로,2025-09-03 16:49:30,120캡슐,,,3개,
https://search.shopping.naver.com/catalog/53546566786,DRB00370,Doctors BEST 루테맥스2020 루테인 20mg 180소프트젤,닥터스베스트 루테인 20mg x 120캡슐 4개,70990,29900,100890,"배송비
29,900원 포함",강시2023,2025-09-03 16:49:33,120캡슐,,,4개,
https://search.shopping.naver.com/catalog/53546566786,DRB00370,Doctors BEST 루테맥스2020 루테인 20mg 180소프트젤,닥터스베스트 루테인 20mg x 120캡슐 6개,137880,5000,142880,"배송비
5,000원 포함",엘로우프리지어2,2025-09-03 16:49:36,120캡슐,,,6개,
https://search.shopping.naver.com/catalog/53546566786,DRB00370,Doctors BEST 루테맥스2020 루테인 20mg 180소프트젤,닥터스베스트 루테인 20mg x 180정 1개,26580,0,26580,"배송비
무료",옥션,2025-09-03 16:49:45,180정,,,1개,
https://search.shopping.naver.com/catalog/53546566786,DRB00370,Doctors BEST 루테맥스2020 루테인 20mg 180소프트젤,닥터스베스트 루테인 20mg x 180정 2개,54910,0,54910,"배송비
무료",옥션,2025-09-03 16:49:48,180정,,,2개,
https://search.shopping.naver.com/catalog/53546566786,DRB00370,Doctors BEST 루테맥스2020 루테인 20mg 180소프트젤,닥터스베스트 루테인 20mg x 180정 3개,88600,0,88600,"배송비
무료",쿠팡,2025-09-03 16:49:51,180정,,,3개,
https://search.shopping.naver.com/catalog/53546566786,DRB00370,Doctors BEST 루테맥스2020 루테인 20mg 180소프트젤,닥터스베스트 루테인 20mg x 180정 4개,130810,0,130810,"배송비
무료",G마켓,2025-09-03 16:49:54,180정,,,4개,
https://search.shopping.naver.com/catalog/53546566786,DRB00370,Doctors BEST 루테맥스2020 루테인 20mg 180소프트젤,닥터스베스트 루테인 20mg x 180정 5개,198500,0,198500,"배송비
무료",해변의카프카,2025-09-03 16:49:57,180정,,,5개,
https://search.shopping.naver.com/catalog/27733087522,NOW00475,"이노시톨 캡슐, 500mg, 베지 캡슐 100정",나우푸드 이노시톨 500mg 100캡슐,7090,0,7090,"배송비
무료",세이브비타,2025-09-03 16:50:05,,,1개,,
https://search.shopping.naver.com/catalog/27733087522,NOW00475,"이노시톨 캡슐, 500mg, 베지 캡슐 100정",나우푸드 이노시톨 500mg 100캡슐,17400,5500,22900,"배송비
5,500원 포함",뉴트리앤헬스,2025-09-03 16:50:08,,,2개,,
https://search.shopping.naver.com/catalog/27733087522,NOW00475,"이노시톨 캡슐, 500mg, 베지 캡슐 100정",나우푸드 이노시톨 500mg 100캡슐,26400,15000,41400,"배송비
15,000원 포함",쿠팡,2025-09-03 16:50:19,,,3개,,
https://search.shopping.naver.com/catalog/27733087522,NOW00475,"이노시톨 캡슐, 500mg, 베지 캡슐 100정",나우푸드 이노시톨 500mg 100캡슐,34590,15000,49590,"배송비
15,000원 포함",쿠팡,2025-09-03 16:50:22,,,4개,,
https://search.shopping.naver.com/catalog/27733087522,NOW00475,"이노시톨 캡슐, 500mg, 베지 캡슐 100정",나우푸드 이노시톨 500mg 100캡슐,43240,20000,63240,"배송비
20,000원 포함",쿠팡,2025-09-03 16:50:25,,,5개,,
https://search.shopping.naver.com/catalog/27733087522,NOW00475,"이노시톨 캡슐, 500mg, 베지 캡슐 100정",나우푸드 이노시톨 500mg 100캡슐,51860,0,51860,"배송비
무료",쿠팡,2025-09-03 16:50:28,,,6개,,
https://search.shopping.naver.com/catalog/53531532360,NOW02933,프로바이오틱-10 250억 베지 캡슐 100정,나우푸드 Probiotic-10 250억 160mg x 50캡슐 1개,19970,4500,24470,"배송비
4,500원 포함",아이허브 공식스토어,2025-09-03 16:50:48,50캡슐,,,1개,
https://search.shopping.naver.com/catalog/53531532360,NOW02933,프로바이오틱-10 250억 베지 캡슐 100정,나우푸드 Probiotic-10 250억 160mg x 50캡슐 2개,38770,0,38770,"배송비
무료",웰기분wellgiven,2025-09-03 16:50:51,50캡슐,,,2개,
https://search.shopping.naver.com/catalog/53531532360,NOW02933,프로바이오틱-10 250억 베지 캡슐 100정,나우푸드 Probiotic-10 250억 160mg x 50캡슐 3개,46430,0,46430,"배송비
무료",아이허브 공식스토어,2025-09-03 16:50:53,50캡슐,,,3개,
https://search.shopping.naver.com/catalog/53531532360,NOW02933,프로바이오틱-10 250억 베지 캡슐 100정,나우푸드 프로바이오틱-10 유산균 250억 160mg x 100캡슐 1개,29990,0,29990,"배송비
무료",쿠팡,2025-09-03 16:51:02,100캡슐,,,1개,
https://search.shopping.naver.com/catalog/53531532360,NOW02933,프로바이오틱-10 250억 베지 캡슐 100정,나우푸드 프로바이오틱-10 유산균 250억 160mg x 100캡슐 2개,57230,0,57230,"배송비
무료",쿠팡,2025-09-03 16:51:05,100캡슐,,,2개,
https://search.shopping.naver.com/catalog/53531532360,NOW02933,프로바이오틱-10 250억 베지 캡슐 100정,나우푸드 프로바이오틱-10 유산균 250억 160mg x 100캡슐 3개,81470,0,81470,"배송비
무료",옥션,2025-09-03 16:51:08,100캡슐,,,3개,
https://search.shopping.naver.com/catalog/53531532360,NOW02933,프로바이오틱-10 250억 베지 캡슐 100정,나우푸드 프로바이오틱-10 유산균 250억 160mg x 100캡슐 6개,180400,59900,240300,"배송비
59,900원 포함",강시2023,2025-09-03 16:51:11,100캡슐,,,6개,
https://search.shopping.naver.com/catalog/35324664624,LEX01011,"투 퍼 데이 종합비타민, V2, 120정 타블렛",라이프익스텐션 투 퍼 데이 종합비타민 120정,20660,0,20660,"배송비
무료",비타케어365,2025-09-03 16:51:19,,,1개,,
https://search.shopping.naver.com/catalog/35324664624,LEX01011,"투 퍼 데이 종합비타민, V2, 120정 타블렛",라이프익스텐션 투 퍼 데이 종합비타민 120정,20660,0,20660,"배송비
무료",비타케어365,2025-09-03 16:51:28,,,2개,,
https://search.shopping.naver.com/catalog/35324664624,LEX01011,"투 퍼 데이 종합비타민, V2, 120정 타블렛",상품명 없음,0,0,0,가격 정보 없음,쇼핑몰 정보 없음,2025-09-03 16:51:32,,,3개,,
https://search.shopping.naver.com/catalog/35324664624,LEX01011,"투 퍼 데이 종합비타민, V2, 120정 타블렛",라이프익스텐션 투 퍼 데이 종합비타민 120정,20660,0,20660,"배송비
무료",비타케어365,2025-09-03 16:51:41,,,4개,,
https://search.shopping.naver.com/catalog/35324664624,LEX01011,"투 퍼 데이 종합비타민, V2, 120정 타블렛",라이프익스텐션 투 퍼 데이 종합비타민 120정,20660,0,20660,"배송비
무료",비타케어365,2025-09-03 16:51:42,,,5개,,
https://search.shopping.naver.com/catalog/35324664624,LEX01011,"투 퍼 데이 종합비타민, V2, 120정 타블렛",라이프익스텐션 투 퍼 데이 종합비타민 120정,20660,0,20660,"배송비
무료",비타케어365,2025-09-03 16:51:43,,,6개,,
https://search.shopping.naver.com/catalog/35413926618,NFS04513,"CranRich, 슈퍼 스트렝스, 크랜베리 농축물, 500mg, 캡슐 180정",네추럴팩터스 슈퍼 스트렝스 크랜베리 500mg x180캡슐,20570,0,20570,"배송비
무료",11번가,2025-09-03 16:51:50,,,1개,,
https://search.shopping.naver.com/catalog/35413926618,NFS04513,"CranRich, 슈퍼 스트렝스, 크랜베리 농축물, 500mg, 캡슐 180정",네추럴팩터스 슈퍼 스트렝스 크랜베리 500mg x180캡슐,20570,0,20570,"배송비
무료",11번가,2025-09-03 16:51:51,,,2개,,
https://search.shopping.naver.com/catalog/35413926618,NFS04513,"CranRich, 슈퍼 스트렝스, 크랜베리 농축물, 500mg, 캡슐 180정",네추럴팩터스 슈퍼 스트렝스 크랜베리 500mg x180캡슐,20570,0,20570,"배송비
무료",11번가,2025-09-03 16:51:53,,,3개,,
https://search.shopping.naver.com/catalog/53647987206,CGN01167,CGN 100% 분리유청 단백질 파우더 무맛 2270g 프로틴,"캘리포니아골드뉴트리션 웨이 프로틴 아이솔레이트 무맛 2.27kg, 1개",95850,0,95850,"배송비
무료",옥션,2025-09-03 16:52:16,,오리지널,,1개,2.27kg
https://search.shopping.naver.com/catalog/53647987206,CGN01167,CGN 100% 분리유청 단백질 파우더 무맛 2270g 프로틴,"캘리포니아골드뉴트리션 웨이 프로틴 아이솔레이트 무맛 2.27kg, 2개",228120,19900,248020,"배송비
19,900원 포함",일품스토어,2025-09-03 16:52:18,,오리지널,,2개,2.27kg
https://search.shopping.naver.com/catalog/53647987206,CGN01167,CGN 100% 분리유청 단백질 파우더 무맛 2270g 프로틴,"캘리포니아골드뉴트리션 웨이 프로틴 아이솔레이트 다크 초콜릿 2.27kg, 1개",118930,19900,138830,"배송비
19,900원 포함",WITH NIM,2025-09-03 16:52:35,,다크 초코,,1개,2.27kg
https://search.shopping.naver.com/catalog/29709587624,NOW00474,"비오틴, 5,000mcg, 베지 캡슐 120정",나우푸드 비오틴 120캡슐,10390,0,10390,"배송비
무료",비타케어365,2025-09-03 16:52:43,,,1개,,
https://search.shopping.naver.com/catalog/29709587624,NOW00474,"비오틴, 5,000mcg, 베지 캡슐 120정",나우푸드 비오틴 120캡슐,22850,4500,27350,"배송비
4,500원 포함",옥션,2025-09-03 16:52:45,,,2개,,
https://search.shopping.naver.com/catalog/29709587624,NOW00474,"비오틴, 5,000mcg, 베지 캡슐 120정",나우푸드 비오틴 120캡슐,28980,0,28980,"배송비
무료",옥션,2025-09-03 16:52:48,,,3개,,
https://search.shopping.naver.com/catalog/29709587624,NOW00474,"비오틴, 5,000mcg, 베지 캡슐 120정",나우푸드 비오틴 120캡슐,40510,0,40510,"배송비
무료",G마켓,2025-09-03 16:52:51,,,4개,,
https://search.shopping.naver.com/catalog/29709587624,NOW00474,"비오틴, 5,000mcg, 베지 캡슐 120정",나우푸드 비오틴 120캡슐,50320,0,50320,"배송비
무료",G마켓,2025-09-03 16:52:54,,,5개,,
https://search.shopping.naver.com/catalog/29709587624,NOW00474,"비오틴, 5,000mcg, 베지 캡슐 120정",나우푸드 비오틴 120캡슐,60950,0,60950,"배송비
무료",G마켓,2025-09-03 16:52:57,,,6개,,
https://search.shopping.naver.com/catalog/55111536033,PNB00028,땅콩 버터 올드 패션드 크런치 454g(16oz),피넛버터앤코 피넛버터 올드패션 크런치 454g 1개,9400,2500,11900,"배송비
2,500원 포함",로스스토어,2025-09-03 16:53:12,,,,1개,454g
https://search.shopping.naver.com/catalog/55111536033,PNB00028,땅콩 버터 올드 패션드 크런치 454g(16oz),피넛버터앤코 피넛버터 올드패션 크런치 454g 3개,20260,4500,24760,"배송비
4,500원 포함",아이허브 공식스토어,2025-09-03 16:53:15,,,,3개,454g
https://search.shopping.naver.com/catalog/51929366165,CDL10300,"Essentials, 종합비타민 & 미네랄, 천연 오렌지/망고 맛, 237ml(8fl oz)",차일드라이프 종합비타민 & 미네랄천연 오렌지 망고맛 237ml 1개,19150,0,19150,"배송비
무료",지혜의상점,2025-09-03 16:53:31,,,,1개,237ml
https://search.shopping.naver.com/catalog/51929366165,CDL10300,"Essentials, 종합비타민 & 미네랄, 천연 오렌지/망고 맛, 237ml(8fl oz)",차일드라이프 종합비타민 & 미네랄천연 오렌지 망고맛 237ml 2개,37200,0,37200,"배송비
무료",뉴트리픽,2025-09-03 16:53:34,,,,2개,237ml
https://search.shopping.naver.com/catalog/51929366165,CDL10300,"Essentials, 종합비타민 & 미네랄, 천연 오렌지/망고 맛, 237ml(8fl oz)",차일드라이프 종합비타민 & 미네랄천연 오렌지 망고맛 237ml 3개,51470,0,51470,"배송비
무료",G마켓,2025-09-03 16:53:36,,,,3개,237ml
https://search.shopping.naver.com/catalog/51929366165,CDL10300,"Essentials, 종합비타민 & 미네랄, 천연 오렌지/망고 맛, 237ml(8fl oz)",차일드라이프 종합비타민 & 미네랄천연 오렌지 망고맛 237ml 4개,96000,0,96000,"배송비
무료",Grab the Bar,2025-09-03 16:53:39,,,,4개,237ml
https://search.shopping.naver.com/catalog/56440698430,NOW04795,"밀크시슬 추출물, 최대 강도, 750mg, 베지 캡슐 90정",나우푸드 밀크시슬 실리마린 750mg x 90캡슐 1개,25580,4500,30080,"배송비
4,500원 포함",아이허브 공식스토어,2025-09-03 16:53:54,90캡슐,,,1개,
https://search.shopping.naver.com/catalog/56440698430,NOW04795,"밀크시슬 추출물, 최대 강도, 750mg, 베지 캡슐 90정",나우푸드 밀크시슬 실리마린 750mg x 90캡슐 2개,48900,0,48900,"배송비
무료",Besthall,2025-09-03 16:53:57,90캡슐,,,2개,
https://search.shopping.naver.com/catalog/36140881618,SNS01416,"메가 스트렝스 베타 시토스테롤, 375mg, 120정",소스내추럴스 베타시토스테롤 375mg 120타블렛,17780,0,17780,"배송비
무료",사가람,2025-09-03 16:54:06,,,1개,,
https://search.shopping.naver.com/catalog/36140881618,SNS01416,"메가 스트렝스 베타 시토스테롤, 375mg, 120정",소스내추럴스 베타시토스테롤 375mg 120타블렛,27990,15000,42990,"배송비
15,000원 포함",쿠팡,2025-09-03 16:54:08,,,2개,,
https://search.shopping.naver.com/catalog/36140881618,SNS01416,"메가 스트렝스 베타 시토스테롤, 375mg, 120정",소스내추럴스 베타시토스테롤 375mg 120타블렛,54900,5000,59900,"배송비
5,000원 포함",로컬비타,2025-09-03 16:54:18,,,3개,,
https://search.shopping.naver.com/catalog/36140881618,SNS01416,"메가 스트렝스 베타 시토스테롤, 375mg, 120정",소스내추럴스 베타시토스테롤 375mg 120타블렛,53630,20000,73630,"배송비
20,000원 포함",쿠팡,2025-09-03 16:54:21,,,4개,,
https://search.shopping.naver.com/catalog/36140881618,SNS01416,"메가 스트렝스 베타 시토스테롤, 375mg, 120정",소스내추럴스 베타시토스테롤 375mg 120타블렛,100800,9900,110700,"배송비
9,900원 포함",LUXE J,2025-09-03 16:54:24,,,6개,,
https://search.shopping.naver.com/catalog/53548647097,LEX14591,"마그네슘 캡슐, 500 mg, 100 베지 캡슐",라이프익스텐션 마그네슘 500mg x 100캡슐 1개,12950,2500,15450,"배송비
2,500원 포함",G마켓,2025-09-03 16:54:39,100캡슐,,,1개,
https://search.shopping.naver.com/catalog/53548647097,LEX14591,"마그네슘 캡슐, 500 mg, 100 베지 캡슐",라이프익스텐션 마그네슘 500mg x 100캡슐 2개,21720,4900,26620,"배송비
4,900원 포함",물랑 루즈,2025-09-03 16:54:42,100캡슐,,,2개,
https://search.shopping.naver.com/catalog/53548647097,LEX14591,"마그네슘 캡슐, 500 mg, 100 베지 캡슐",라이프익스텐션 마그네슘 500mg x 100캡슐 3개,30240,0,30240,"배송비
무료",아이허브 공식스토어,2025-09-03 16:54:44,100캡슐,,,3개,
https://search.shopping.naver.com/catalog/35343453633,NOW01272,"칼슘 및 마그네슘, 250정",나우푸드 칼슘 앤 마그네슘 250정,24130,0,24130,"배송비
무료",11번가,2025-09-03 16:54:53,,,1개,,
https://search.shopping.naver.com/catalog/35343453633,NOW01272,"칼슘 및 마그네슘, 250정",나우푸드 칼슘 앤 마그네슘 250정,24130,0,24130,"배송비
무료",헬스스프링,2025-09-03 16:54:56,,,2개,,
https://search.shopping.naver.com/catalog/35343453633,NOW01272,"칼슘 및 마그네슘, 250정",나우푸드 칼슘 앤 마그네슘 250정,47200,0,47200,"배송비
무료",헬스스프링,2025-09-03 16:54:58,,,3개,,
https://search.shopping.naver.com/catalog/35343453633,NOW01272,"칼슘 및 마그네슘, 250정",나우푸드 칼슘 앤 마그네슘 250정,87100,0,87100,"배송비
무료",11번가,2025-09-03 16:55:01,,,4개,,
https://search.shopping.naver.com/catalog/53530442328,NOW00175,글루타치온 500mg 30베지캡슐,나우푸드 글루타치온 500mg x 60캡슐 1개,26250,8000,34250,"배송비
8,000원 포함",롯데ON,2025-09-03 16:55:19,60캡슐,,,1개,
https://search.shopping.naver.com/catalog/53530442328,NOW00175,글루타치온 500mg 30베지캡슐,나우푸드 글루타치온 500mg x 60캡슐 2개,45930,6500,52430,"배송비
6,500원 포함",옥션,2025-09-03 16:55:22,60캡슐,,,2개,
https://search.shopping.naver.com/catalog/53530442328,NOW00175,글루타치온 500mg 30베지캡슐,나우푸드 글루타치온 500mg x 60캡슐 3개,70940,20000,90940,"배송비
20,000원 포함",쿠팡,2025-09-03 16:55:25,60캡슐,,,3개,
https://search.shopping.naver.com/catalog/53530442328,NOW00175,글루타치온 500mg 30베지캡슐,나우푸드 글루타치온 500mg x 60캡슐 4개,92770,20000,112770,"배송비
20,000원 포함",쿠팡,2025-09-03 16:55:28,60캡슐,,,4개,
https://search.shopping.naver.com/catalog/53530442328,NOW00175,글루타치온 500mg 30베지캡슐,나우푸드 글루타치온 500mg x 60캡슐 6개,150390,0,150390,"배송비
무료",G마켓,2025-09-03 16:55:31,60캡슐,,,6개,
https://search.shopping.naver.com/catalog/53530442328,NOW00175,글루타치온 500mg 30베지캡슐,나우푸드 글루타치온 500mg x 30캡슐 1개,18900,0,18900,"배송비
무료",굿 굿 즈,2025-09-03 16:55:40,30캡슐,,,1개,
https://search.shopping.naver.com/catalog/53530442328,NOW00175,글루타치온 500mg 30베지캡슐,나우푸드 글루타치온 500mg x 30캡슐 2개,28960,0,28960,"배송비
무료",아이허브 공식스토어,2025-09-03 16:55:42,30캡슐,,,2개,
https://search.shopping.naver.com/catalog/53530442328,NOW00175,글루타치온 500mg 30베지캡슐,나우푸드 글루타치온 500mg x 30캡슐 3개,43450,0,43450,"배송비
무료",아이허브 공식스토어,2025-09-03 16:55:45,30캡슐,,,3개,
https://search.shopping.naver.com/catalog/51929219772,CGN01054,"LactoBif 반려동물 프로바이오틱스, 50억 CFU, 베지 캡슐 60정",캘리포니아골드뉴트리션 락토비프 반려동물 프로바이오틱스 50억 CFU 400mg x 60포 1개,27500,5000,32500,"배송비
5,000원 포함",N네이쳐웰,2025-09-03 16:55:52,,,,,
https://search.shopping.naver.com/catalog/51929257058,DRB00405,고흡수 코큐텐 바이오페린 100mg 360베지캡슐,닥터스베스트 하이 앱솔션 CoQ10 100mg x 360캡슐 1개,43980,0,43980,"배송비
무료",굿 굿 즈,2025-09-03 16:56:06,360캡슐,,,1개,
https://search.shopping.naver.com/catalog/51929257058,DRB00405,고흡수 코큐텐 바이오페린 100mg 360베지캡슐,닥터스베스트 하이 앱솔션 CoQ10 100mg x 360캡슐 2개,120490,0,120490,"배송비
무료",세이브비타,2025-09-03 16:56:09,360캡슐,,,2개,
https://search.shopping.naver.com/catalog/35316779621,MLI00952,오메가3 프리미엄 피쉬젤라틴 소프트젤 100정,캘리포니아골드뉴트리션 오메가3 프리미엄 피쉬 오일 100캡슐,16320,0,16320,"배송비
무료",와이비타민몰,2025-09-03 16:56:18,,,1개,,
https://search.shopping.naver.com/catalog/35316779621,MLI00952,오메가3 프리미엄 피쉬젤라틴 소프트젤 100정,캘리포니아골드뉴트리션 오메가3 프리미엄 피쉬 오일 100캡슐,26430,0,26430,"배송비
무료",제이의 구매,2025-09-03 16:56:20,,,2개,,
https://search.shopping.naver.com/catalog/35316779621,MLI00952,오메가3 프리미엄 피쉬젤라틴 소프트젤 100정,캘리포니아골드뉴트리션 오메가3 프리미엄 피쉬 오일 100캡슐,39200,0,39200,"배송비
무료",핑크 비타민,2025-09-03 16:56:23,,,3개,,
https://search.shopping.naver.com/catalog/35316779621,MLI00952,오메가3 프리미엄 피쉬젤라틴 소프트젤 100정,캘리포니아골드뉴트리션 오메가3 프리미엄 피쉬 오일 100캡슐,51600,0,51600,"배송비
무료",dgm,2025-09-03 16:56:26,,,4개,,
https://search.shopping.naver.com/catalog/35316779621,MLI00952,오메가3 프리미엄 피쉬젤라틴 소프트젤 100정,캘리포니아골드뉴트리션 오메가3 프리미엄 피쉬 오일 100캡슐,104450,6900,111350,"배송비
6,900원 포함",베스트비타,2025-09-03 16:56:29,,,5개,,
https://search.shopping.naver.com/catalog/53546968145,DRB00369,"Lutemax 2020 함유 루테인, 20mg, 소프트젤 60정",닥터스베스트 루테인 20mg x 60캡슐 1개,13030,0,13030,"배송비
무료",세이브비타,2025-09-03 16:56:44,60캡슐,,,1개,
https://search.shopping.naver.com/catalog/53546968145,DRB00369,"Lutemax 2020 함유 루테인, 20mg, 소프트젤 60정",닥터스베스트 루테인 20mg x 60캡슐 2개,27880,4500,32380,"배송비
4,500원 포함",옥션,2025-09-03 16:56:47,60캡슐,,,2개,
https://search.shopping.naver.com/catalog/53546968145,DRB00369,"Lutemax 2020 함유 루테인, 20mg, 소프트젤 60정",닥터스베스트 루테인 20mg x 60캡슐 3개,35070,0,35070,"배송비
무료",옥션,2025-09-03 16:56:50,60캡슐,,,3개,
https://search.shopping.naver.com/catalog/53546968145,DRB00369,"Lutemax 2020 함유 루테인, 20mg, 소프트젤 60정",닥터스베스트 루테인 20mg x 60캡슐 4개,46760,0,46760,"배송비
무료",옥션,2025-09-03 16:56:53,60캡슐,,,4개,
https://search.shopping.naver.com/catalog/53546968145,DRB00369,"Lutemax 2020 함유 루테인, 20mg, 소프트젤 60정",닥터스베스트 루테인 20mg x 120캡슐 1개,16890,0,16890,"배송비
무료",세이브비타,2025-09-03 16:57:03,120캡슐,,,1개,
https://search.shopping.naver.com/catalog/53546968145,DRB00369,"Lutemax 2020 함유 루테인, 20mg, 소프트젤 60정",닥터스베스트 루테인 20mg x 120캡슐 2개,37010,0,37010,"배송비
무료",헬로 유로,2025-09-03 16:57:06,120캡슐,,,2개,
https://search.shopping.naver.com/catalog/53546968145,DRB00369,"Lutemax 2020 함유 루테인, 20mg, 소프트젤 60정",닥터스베스트 루테인 20mg x 120캡슐 3개,55290,0,55290,"배송비
무료",헬로 유로,2025-09-03 16:57:09,120캡슐,,,3개,
https://search.shopping.naver.com/catalog/53546968145,DRB00369,"Lutemax 2020 함유 루테인, 20mg, 소프트젤 60정",닥터스베스트 루테인 20mg x 120캡슐 4개,70990,29900,100890,"배송비
29,900원 포함",강시2023,2025-09-03 16:57:12,120캡슐,,,4개,
https://search.shopping.naver.com/catalog/53546968145,DRB00369,"Lutemax 2020 함유 루테인, 20mg, 소프트젤 60정",닥터스베스트 루테인 20mg x 120캡슐 6개,137880,5000,142880,"배송비
5,000원 포함",엘로우프리지어2,2025-09-03 16:57:15,120캡슐,,,6개,
https://search.shopping.naver.com/catalog/53546968145,DRB00369,"Lutemax 2020 함유 루테인, 20mg, 소프트젤 60정",닥터스베스트 루테인 20mg x 180정 1개,26580,0,26580,"배송비
무료",옥션,2025-09-03 16:57:24,180정,,,1개,
https://search.shopping.naver.com/catalog/53546968145,DRB00369,"Lutemax 2020 함유 루테인, 20mg, 소프트젤 60정",닥터스베스트 루테인 20mg x 180정 2개,54910,0,54910,"배송비
무료",옥션,2025-09-03 16:57:27,180정,,,2개,
https://search.shopping.naver.com/catalog/53546968145,DRB00369,"Lutemax 2020 함유 루테인, 20mg, 소프트젤 60정",닥터스베스트 루테인 20mg x 180정 3개,88600,0,88600,"배송비
무료",쿠팡,2025-09-03 16:57:30,180정,,,3개,
https://search.shopping.naver.com/catalog/53546968145,DRB00369,"Lutemax 2020 함유 루테인, 20mg, 소프트젤 60정",닥터스베스트 루테인 20mg x 180정 4개,130810,0,130810,"배송비
무료",G마켓,2025-09-03 16:57:33,180정,,,4개,
https://search.shopping.naver.com/catalog/53546968145,DRB00369,"Lutemax 2020 함유 루테인, 20mg, 소프트젤 60정",닥터스베스트 루테인 20mg x 180정 5개,198500,0,198500,"배송비
무료",해변의카프카,2025-09-03 16:57:36,180정,,,5개,
https://search.shopping.naver.com/catalog/35415438618,DRB00273,"엑스트라 스트렝스 징코, 120mg, 베지 캡슐 360정",닥터스베스트 엑스트라 스트렝스 징코 120mg 360캡슐,28170,0,28170,"배송비
무료",세이브비타,2025-09-03 16:57:44,,,1개,,
https://search.shopping.naver.com/catalog/35415438618,DRB00273,"엑스트라 스트렝스 징코, 120mg, 베지 캡슐 360정",닥터스베스트 엑스트라 스트렝스 징코 120mg 360캡슐,54800,20000,74800,"배송비
20,000원 포함",쿠팡,2025-09-03 16:57:47,,,2개,,
https://search.shopping.naver.com/catalog/35415438618,DRB00273,"엑스트라 스트렝스 징코, 120mg, 베지 캡슐 360정",닥터스베스트 엑스트라 스트렝스 징코 120mg 360캡슐,98800,9900,108700,"배송비
9,900원 포함",우리의직구,2025-09-03 16:57:50,,,3개,,
https://search.shopping.naver.com/catalog/29025310588,NOW01294,"마그네슘 시트레이트, 베지 캡슐 120정",나우푸드 마그네슘 시트레이트 베지 캡슐 120개입,16570,4500,21070,"배송비
4,500원 포함",아이허브 공식스토어,2025-09-03 16:57:58,,,1개,,
https://search.shopping.naver.com/catalog/29025310588,NOW01294,"마그네슘 시트레이트, 베지 캡슐 120정",나우푸드 마그네슘 시트레이트 베지 캡슐 120개입,27600,4500,32100,"배송비
4,500원 포함",옥션,2025-09-03 16:58:01,,,2개,,
https://search.shopping.naver.com/catalog/29025310588,NOW01294,"마그네슘 시트레이트, 베지 캡슐 120정",나우푸드 마그네슘 시트레이트 베지 캡슐 120개입,36210,0,36210,"배송비
무료",G마켓,2025-09-03 16:58:04,,,3개,,
https://search.shopping.naver.com/catalog/29025310588,NOW01294,"마그네슘 시트레이트, 베지 캡슐 120정",나우푸드 마그네슘 시트레이트 베지 캡슐 120개입,73800,9900,83700,"배송비
9,900원 포함",넥스트상점,2025-09-03 16:58:07,,,4개,,
https://search.shopping.naver.com/catalog/29025310588,NOW01294,"마그네슘 시트레이트, 베지 캡슐 120정",나우푸드 마그네슘 시트레이트 베지 캡슐 120개입,101900,0,101900,"배송비
무료",리즈박스 - Rizbox,2025-09-03 16:58:09,,,5개,,
https://search.shopping.naver.com/catalog/29025310588,NOW01294,"마그네슘 시트레이트, 베지 캡슐 120정",나우푸드 마그네슘 시트레이트 베지 캡슐 120개입,121900,0,121900,"배송비
무료",리즈박스 - Rizbox,2025-09-03 16:58:12,,,6개,,
https://search.shopping.naver.com/catalog/35416072619,NOW03230,"크랜베리 캡슐, 베지 캡슐 100정",나우푸드 크랜베리 캡슐 베지 캡슐 100정,17760,0,17760,"배송비
무료",사가람,2025-09-03 16:58:22,,,1개,,
https://search.shopping.naver.com/catalog/35416072619,NOW03230,"크랜베리 캡슐, 베지 캡슐 100정",나우푸드 크랜베리 캡슐 베지 캡슐 100정,31690,15000,46690,"배송비
15,000원 포함",쿠팡,2025-09-03 16:58:25,,,2개,,
https://search.shopping.naver.com/catalog/35416072619,NOW03230,"크랜베리 캡슐, 베지 캡슐 100정",나우푸드 크랜베리 캡슐 베지 캡슐 100정,43650,20000,63650,"배송비
20,000원 포함",쿠팡,2025-09-03 16:58:28,,,3개,,
https://search.shopping.naver.com/catalog/35416072619,NOW03230,"크랜베리 캡슐, 베지 캡슐 100정",나우푸드 크랜베리 캡슐 베지 캡슐 100정,57460,20000,77460,"배송비
20,000원 포함",쿠팡,2025-09-03 16:58:30,,,4개,,
https://search.shopping.naver.com/catalog/35416072619,NOW03230,"크랜베리 캡슐, 베지 캡슐 100정",나우푸드 크랜베리 캡슐 베지 캡슐 100정,74980,0,74980,"배송비
무료",쿠팡,2025-09-03 16:58:33,,,5개,,
https://search.shopping.naver.com/catalog/35368487620,DRB00081,OptiMSM  글루코사민 콘드로이틴 MSM 베지캡슐 240정,닥터스베스트 글루코사민 콘드로이틴 MSM 240캡슐,28960,0,28960,"배송비
무료",아이허브 공식스토어,2025-09-03 16:58:42,,,1개,,
https://search.shopping.naver.com/catalog/35368487620,DRB00081,OptiMSM  글루코사민 콘드로이틴 MSM 베지캡슐 240정,닥터스베스트 글루코사민 콘드로이틴 MSM 240캡슐,59280,0,59280,"배송비
무료",세이브비타,2025-09-03 16:58:44,,,2개,,
https://search.shopping.naver.com/catalog/35368487620,DRB00081,OptiMSM  글루코사민 콘드로이틴 MSM 베지캡슐 240정,닥터스베스트 글루코사민 콘드로이틴 MSM 240캡슐,91930,0,91930,"배송비
무료",11번가,2025-09-03 16:58:47,,,3개,,
https://search.shopping.naver.com/catalog/35368487620,DRB00081,OptiMSM  글루코사민 콘드로이틴 MSM 베지캡슐 240정,닥터스베스트 글루코사민 콘드로이틴 MSM 240캡슐,173900,0,173900,"배송비
무료",줄투와트,2025-09-03 16:58:50,,,4개,,
https://search.shopping.naver.com/catalog/35368487620,DRB00081,OptiMSM  글루코사민 콘드로이틴 MSM 베지캡슐 240정,닥터스베스트 글루코사민 콘드로이틴 MSM 240캡슐,171200,0,171200,"배송비
무료",퀵어스몰,2025-09-03 16:58:53,,,5개,,
https://search.shopping.naver.com/catalog/35368153619,DRB00076,"OptiMSM 함유 MSM 분말, 250g(8.8oz)",닥터스베스트 MSM 파우더 250g,11690,0,11690,"배송비
무료",세이브비타,2025-09-03 16:59:01,,,1개,,
https://search.shopping.naver.com/catalog/35368153619,DRB00076,"OptiMSM 함유 MSM 분말, 250g(8.8oz)",닥터스베스트 MSM 파우더 250g,28300,100,28400,"배송비
100원 포함",하늘 마켓,2025-09-03 16:59:04,,,2개,,
https://search.shopping.naver.com/catalog/35368153619,DRB00076,"OptiMSM 함유 MSM 분말, 250g(8.8oz)",닥터스베스트 MSM 파우더 250g,39060,0,39060,"배송비
무료",나미의 다락방,2025-09-03 16:59:07,,,3개,,
https://search.shopping.naver.com/catalog/35368153619,DRB00076,"OptiMSM 함유 MSM 분말, 250g(8.8oz)",닥터스베스트 MSM 파우더 250g,46690,0,46690,"배송비
무료",하루의스토어,2025-09-03 16:59:10,,,4개,,
https://search.shopping.naver.com/catalog/35368153619,DRB00076,"OptiMSM 함유 MSM 분말, 250g(8.8oz)",닥터스베스트 MSM 파우더 250g,84800,10000,94800,"배송비
10,000원 포함",SP 생활건강,2025-09-03 16:59:12,,,5개,,
https://search.shopping.naver.com/catalog/35368153619,DRB00076,"OptiMSM 함유 MSM 분말, 250g(8.8oz)",닥터스베스트 MSM 파우더 250g,101800,10000,111800,"배송비
10,000원 포함",SP 생활건강,2025-09-03 16:59:15,,,6개,,
https://search.shopping.naver.com/catalog/35324664618,CGN01330,"오메가3, 프리미엄 피쉬 오일, 피쉬 젤라틴 소프트젤 240정",캘리포니아골드뉴트리션 오메가3 프리미엄 피쉬 오일 240캡슐,23770,0,23770,"배송비
무료",롯데ON,2025-09-03 16:59:23,,,1개,,
https://search.shopping.naver.com/catalog/35324664618,CGN01330,"오메가3, 프리미엄 피쉬 오일, 피쉬 젤라틴 소프트젤 240정",캘리포니아골드뉴트리션 오메가3 프리미엄 피쉬 오일 240캡슐,50860,0,50860,"배송비
무료",옥션,2025-09-03 16:59:26,,,2개,,
https://search.shopping.naver.com/catalog/35324664618,CGN01330,"오메가3, 프리미엄 피쉬 오일, 피쉬 젤라틴 소프트젤 240정",캘리포니아골드뉴트리션 오메가3 프리미엄 피쉬 오일 240캡슐,74800,0,74800,"배송비
무료",PLAINLIVING,2025-09-03 16:59:29,,,3개,,
https://search.shopping.naver.com/catalog/35324664618,CGN01330,"오메가3, 프리미엄 피쉬 오일, 피쉬 젤라틴 소프트젤 240정",캘리포니아골드뉴트리션 오메가3 프리미엄 피쉬 오일 240캡슐,138800,19900,158700,"배송비
19,900원 포함",우리의직구,2025-09-03 16:59:31,,,5개,,
https://search.shopping.naver.com/catalog/54312647504,DRB00107,"흡수율이 높은 커큐민, 베지 캡슐 120정(캡슐당 500mg)",닥터스베스트 고흡수 커큐민 500mg 캡슐 120정,34790,0,34790,"배송비
무료",아이허브 공식스토어,2025-09-03 16:59:38,,,,,
https://search.shopping.naver.com/catalog/53599886523,DRB00333,"Q-C를 함유한 순수 비타민C 분말, 250g(8.8oz)",닥터스베스트 퓨어 비타민C 파우더 250g 1개,19970,0,19970,"배송비
무료",비타케어365,2025-09-03 16:59:53,,,,1개,250g
https://search.shopping.naver.com/catalog/53599886523,DRB00333,"Q-C를 함유한 순수 비타민C 분말, 250g(8.8oz)",닥터스베스트 퓨어 비타민C 파우더 250g 2개,34370,0,34370,"배송비
무료",세이브비타,2025-09-03 16:59:56,,,,2개,250g
https://search.shopping.naver.com/catalog/53599886523,DRB00333,"Q-C를 함유한 순수 비타민C 분말, 250g(8.8oz)",닥터스베스트 퓨어 비타민C 파우더 250g 3개,51570,0,51570,"배송비
무료",옥션,2025-09-03 16:59:59,,,,3개,250g
https://search.shopping.naver.com/catalog/35326909619,DRB00029,"퀘르세틴 브로멜라인, 베지 캡슐 180정",닥터스베스트 퀘르세틴 브로멜라인 180캡슐,27220,0,27220,"배송비
무료",세이브비타,2025-09-03 17:00:09,,,1개,,
https://search.shopping.naver.com/catalog/35326909619,DRB00029,"퀘르세틴 브로멜라인, 베지 캡슐 180정",닥터스베스트 퀘르세틴 브로멜라인 180캡슐,38100,0,38100,"배송비
무료",옥션,2025-09-03 17:00:12,,,2개,,
https://search.shopping.naver.com/catalog/35326909619,DRB00029,"퀘르세틴 브로멜라인, 베지 캡슐 180정",닥터스베스트 퀘르세틴 브로멜라인 180캡슐,94520,15000,109520,"배송비
15,000원 포함",옥션,2025-09-03 17:00:15,,,3개,,
https://search.shopping.naver.com/catalog/35326909619,DRB00029,"퀘르세틴 브로멜라인, 베지 캡슐 180정",닥터스베스트 퀘르세틴 브로멜라인 180캡슐,130900,9900,140800,"배송비
9,900원 포함",퀵어스몰,2025-09-03 17:00:17,,,4개,,
https://search.shopping.naver.com/catalog/35326909619,DRB00029,"퀘르세틴 브로멜라인, 베지 캡슐 180정",닥터스베스트 퀘르세틴 브로멜라인 180캡슐,186880,5000,191880,"배송비
5,000원 포함",엘로우프리지어2,2025-09-03 17:00:20,,,5개,,
https://search.shopping.naver.com/catalog/35326909619,DRB00029,"퀘르세틴 브로멜라인, 베지 캡슐 180정",닥터스베스트 퀘르세틴 브로멜라인 180캡슐,338000,0,338000,"배송비
무료",쿠팡,2025-09-03 17:00:23,,,6개,,
https://search.shopping.naver.com/catalog/53549418520,NOW02410,"맥주 효모, 200정",나우푸드 맥주효모 650mg x 200정 1개,12600,0,12600,"배송비
무료",굿 굿 즈,2025-09-03 17:00:38,200정,,,1개,
https://search.shopping.naver.com/catalog/53549418520,NOW02410,"맥주 효모, 200정",나우푸드 맥주효모 650mg x 200정 2개,26490,0,26490,"배송비
무료",페스트직구,2025-09-03 17:00:41,200정,,,2개,
https://search.shopping.naver.com/catalog/53549418520,NOW02410,"맥주 효모, 200정",나우푸드 맥주효모 650mg x 200정 3개,26990,0,26990,"배송비
무료",라니코2024,2025-09-03 17:00:44,200정,,,3개,
https://search.shopping.naver.com/catalog/53549418520,NOW02410,"맥주 효모, 200정",나우푸드 맥주효모 650mg x 200정 4개,44200,0,44200,"배송비
무료",싸다구미쿡,2025-09-03 17:00:47,200정,,,4개,
https://search.shopping.naver.com/catalog/53549418520,NOW02410,"맥주 효모, 200정",나우푸드 맥주효모 650mg x 200정 5개,70900,0,70900,"배송비
무료",쿠팡,2025-09-03 17:00:50,200정,,,5개,
https://search.shopping.naver.com/catalog/53549418520,NOW02410,"맥주 효모, 200정",나우푸드 맥주효모 650mg x 200정 6개,64800,0,64800,"배송비
무료",웰니스허브,2025-09-03 17:00:53,200정,,,6개,
https://search.shopping.naver.com/catalog/47937439124,AZO10167,"크랜베리, 요로 , 소프트젤 100정",아조 크랜베리 유리너리 트랙트 헬스 100정,25700,0,25700,"배송비
무료",NY24,2025-09-03 17:01:00,,,,,
https://search.shopping.naver.com/catalog/48748417618,CGN02100,Bone Boost 120정,캘리포니아골드뉴트리션 Bone Boost 120정,30100,0,30100,"배송비
무료",아이허브 공식스토어,2025-09-03 17:01:06,,,,,
https://search.shopping.naver.com/catalog/48098348619,DRB00300,"Vitashine D3 및 Quatrefolic 함유 종합비타민, 베지 캡슐 90정",닥터스베스트 VitashineD3 및 Quatrefolic 종합비타민 90캡슐,57000,0,57000,"배송비
무료",Yesvita,2025-09-03 17:01:17,,,1개,,
https://search.shopping.naver.com/catalog/48098348619,DRB00300,"Vitashine D3 및 Quatrefolic 함유 종합비타민, 베지 캡슐 90정",닥터스베스트 VitashineD3 및 Quatrefolic 종합비타민 90캡슐,47420,0,47420,"배송비
무료",아이허브 공식스토어,2025-09-03 17:01:19,,,2개,,
https://search.shopping.naver.com/catalog/35363211619,NOW00068,"L-카르니틴, 1,000mg, 100정",나우푸드 L-카르니틴 1000mg x 100정,32370,0,32370,"배송비
무료",wellness store,2025-09-03 17:01:28,,,1개,,
https://search.shopping.naver.com/catalog/35363211619,NOW00068,"L-카르니틴, 1,000mg, 100정",나우푸드 L-카르니틴 1000mg x 100정,35650,0,35650,"배송비
무료",아이스스토어,2025-09-03 17:01:31,,,2개,,
https://search.shopping.naver.com/catalog/35363211619,NOW00068,"L-카르니틴, 1,000mg, 100정",나우푸드 L-카르니틴 1000mg x 100정,39750,0,39750,"배송비
무료",웰기분wellgiven,2025-09-03 17:01:34,,,3개,,
https://search.shopping.naver.com/catalog/35363211619,NOW00068,"L-카르니틴, 1,000mg, 100정",나우푸드 L-카르니틴 1000mg x 100정,491880,5000,496880,"배송비
5,000원 포함",엘로우프리지어2,2025-09-03 17:01:36,,,6개,,
https://search.shopping.naver.com/catalog/35325780619,NOW04777,"마카, 무가공, 750mg, 베지 캡슐 90정",나우푸드 로우 마카 750mg x 90베지캡슐,16300,0,16300,"배송비
무료",세이브비타,2025-09-03 17:01:49,,,1개,,
https://search.shopping.naver.com/catalog/35325780619,NOW04777,"마카, 무가공, 750mg, 베지 캡슐 90정",나우푸드 로우 마카 750mg x 90베지캡슐,27910,0,27910,"배송비
무료",옥션,2025-09-03 17:01:52,,,2개,,
https://search.shopping.naver.com/catalog/35325780619,NOW04777,"마카, 무가공, 750mg, 베지 캡슐 90정",나우푸드 로우 마카 750mg x 90베지캡슐,40640,0,40640,"배송비
무료",옥션,2025-09-03 17:01:54,,,3개,,
https://search.shopping.naver.com/catalog/35325780619,NOW04777,"마카, 무가공, 750mg, 베지 캡슐 90정",나우푸드 로우 마카 750mg x 90베지캡슐,60200,0,60200,"배송비
무료",아이허브 공식스토어,2025-09-03 17:01:57,,,4개,,
https://search.shopping.naver.com/catalog/35325780619,NOW04777,"마카, 무가공, 750mg, 베지 캡슐 90정",나우푸드 로우 마카 750mg x 90베지캡슐,91970,0,91970,"배송비
무료",옥션,2025-09-03 17:02:00,,,5개,,
https://search.shopping.naver.com/catalog/35325780619,NOW04777,"마카, 무가공, 750mg, 베지 캡슐 90정",나우푸드 로우 마카 750mg x 90베지캡슐,109240,0,109240,"배송비
무료",옥션,2025-09-03 17:02:03,,,6개,,
https://search.shopping.naver.com/catalog/53531804087,JRW03042,"우먼스 Fem Dophilus, 베지 캡슐 60정",자로우포뮬러스 자로우 펨 도필러스 여성 유산균 134mg x 60캡슐 1개,30700,0,30700,"배송비
무료",건강한언니들,2025-09-03 17:02:19,60캡슐,,,1개,
https://search.shopping.naver.com/catalog/53531804087,JRW03042,"우먼스 Fem Dophilus, 베지 캡슐 60정",자로우포뮬러스 자로우 펨 도필러스 여성 유산균 134mg x 60캡슐 2개,57600,9700,67300,"배송비
9,700원 포함",USA MONTURA,2025-09-03 17:02:22,60캡슐,,,2개,
https://search.shopping.naver.com/catalog/53531804087,JRW03042,"우먼스 Fem Dophilus, 베지 캡슐 60정",자로우포뮬러스 자로우 펨 도필러스 여성 유산균 134mg x 60캡슐 3개,83340,0,83340,"배송비
무료",옥션,2025-09-03 17:02:25,60캡슐,,,3개,
https://search.shopping.naver.com/catalog/53531804087,JRW03042,"우먼스 Fem Dophilus, 베지 캡슐 60정",자로우포뮬러스 자로우 펨 도필러스 여성 유산균 134mg x 60캡슐 4개,108570,0,108570,"배송비
무료",G마켓,2025-09-03 17:02:28,60캡슐,,,4개,
https://search.shopping.naver.com/catalog/53531804087,JRW03042,"우먼스 Fem Dophilus, 베지 캡슐 60정",자로우포뮬러스 자로우 펨 도필러스 여성 유산균 134mg x 60캡슐 5개,138990,0,138990,"배송비
무료",G마켓,2025-09-03 17:02:31,60캡슐,,,5개,
https://search.shopping.naver.com/catalog/53531804087,JRW03042,"우먼스 Fem Dophilus, 베지 캡슐 60정",자로우포뮬러스 자로우 펨 도필러스 여성 유산균 134mg x 60캡슐 6개,175200,0,175200,"배송비
무료",옥션,2025-09-03 17:02:34,60캡슐,,,6개,
https://search.shopping.naver.com/catalog/51929191181,CGN00944,"CoQ10, 100mg, 베지 소프트젤 120정",캘리포니아골드뉴트리션 코큐텐 100mg x 120정 1개,27360,4500,31860,"배송비
4,500원 포함",아이허브 공식스토어,2025-09-03 17:02:50,120정,,,1개,
https://search.shopping.naver.com/catalog/51929191181,CGN00944,"CoQ10, 100mg, 베지 소프트젤 120정",캘리포니아골드뉴트리션 코큐텐 100mg x 120정 2개,45720,0,45720,"배송비
무료",아이허브 공식스토어,2025-09-03 17:02:52,120정,,,2개,
https://search.shopping.naver.com/catalog/51929191181,CGN00944,"CoQ10, 100mg, 베지 소프트젤 120정",캘리포니아골드뉴트리션 코큐텐 100mg x 120정 3개,84900,0,84900,"배송비
무료",기니스토어,2025-09-03 17:02:55,120정,,,3개,
https://search.shopping.naver.com/catalog/51929191181,CGN00944,"CoQ10, 100mg, 베지 소프트젤 120정",캘리포니아골드뉴트리션 코큐텐 100mg x 120정 4개,179900,0,179900,"배송비
무료",기니스토어,2025-09-03 17:02:58,120정,,,4개,
https://search.shopping.naver.com/catalog/51929191181,CGN00944,"CoQ10, 100mg, 베지 소프트젤 120정",캘리포니아골드뉴트리션 코큐텐 100mg x 120정 5개,169500,0,169500,"배송비
무료",기니스토어,2025-09-03 17:03:01,120정,,,5개,
https://search.shopping.naver.com/catalog/51929191181,CGN00944,"CoQ10, 100mg, 베지 소프트젤 120정",캘리포니아골드뉴트리션 코큐텐 100mg x 120정 6개,159590,0,159590,"배송비
무료",기니스토어,2025-09-03 17:03:03,120정,,,6개,
https://search.shopping.naver.com/catalog/36563743622,NFS03544,"WellBetX 베르베린, 500mg, 베지 캡슐 60정",네추럴팩터스 WellBetX 베르베린 500mg 60캡슐,20520,0,20520,"배송비
무료",세이브비타,2025-09-03 17:03:13,,,1개,,
https://search.shopping.naver.com/catalog/36563743622,NFS03544,"WellBetX 베르베린, 500mg, 베지 캡슐 60정",네추럴팩터스 WellBetX 베르베린 500mg 60캡슐,32060,0,32060,"배송비
무료",옥션,2025-09-03 17:03:16,,,2개,,
https://search.shopping.naver.com/catalog/36563743622,NFS03544,"WellBetX 베르베린, 500mg, 베지 캡슐 60정",네추럴팩터스 WellBetX 베르베린 500mg 60캡슐,48090,0,48090,"배송비
무료",옥션,2025-09-03 17:03:19,,,3개,,
https://search.shopping.naver.com/catalog/36563743622,NFS03544,"WellBetX 베르베린, 500mg, 베지 캡슐 60정",네추럴팩터스 WellBetX 베르베린 500mg 60캡슐,83450,0,83450,"배송비
무료",나미의 다락방,2025-09-03 17:03:22,,,4개,,
https://search.shopping.naver.com/catalog/36563743622,NFS03544,"WellBetX 베르베린, 500mg, 베지 캡슐 60정",네추럴팩터스 WellBetX 베르베린 500mg 60캡슐,156020,0,156020,"배송비
무료",11번가,2025-09-03 17:03:24,,,6개,,
https://search.shopping.naver.com/catalog/53547335588,CGN01252,"DHA 700 피쉬 오일, 제약 등급, 1,000mg, 피쉬 젤라틴 소프트젤 30정",캘리포니아골드뉴트리션 DHA 700 1000mg x 30캡슐 1개,16000,4500,20500,"배송비
4,500원 포함",아이허브 공식스토어,2025-09-03 17:03:40,30캡슐,,,1개,
https://search.shopping.naver.com/catalog/53547335588,CGN01252,"DHA 700 피쉬 오일, 제약 등급, 1,000mg, 피쉬 젤라틴 소프트젤 30정",캘리포니아골드뉴트리션 DHA 700 1000mg x 30캡슐 2개,27180,4500,31680,"배송비
4,500원 포함",옥션,2025-09-03 17:03:42,30캡슐,,,2개,
https://search.shopping.naver.com/catalog/53547335588,CGN01252,"DHA 700 피쉬 오일, 제약 등급, 1,000mg, 피쉬 젤라틴 소프트젤 30정",캘리포니아골드뉴트리션 DHA 700 1000mg x 30캡슐 3개,53100,0,53100,"배송비
무료",핑크 비타민,2025-09-03 17:03:45,30캡슐,,,3개,
https://search.shopping.naver.com/catalog/53549289863,NOW03033,"베타글루칸, ImmunEnhancer 함유, 엑스트라 스트렝스, 250mg, 베지 캡슐 60정",나우푸드 베타글루칸 엑스트라 스트렝스 250mg x 60정 1개,16900,0,16900,"배송비
무료",스튜디오아파트먼트,2025-09-03 17:04:04,60정,,,1개,
https://search.shopping.naver.com/catalog/53549289863,NOW03033,"베타글루칸, ImmunEnhancer 함유, 엑스트라 스트렝스, 250mg, 베지 캡슐 60정",나우푸드 베타글루칸 엑스트라 스트렝스 250mg x 60정 2개,20900,5000,25900,"배송비
5,000원 포함",딩기스토리,2025-09-03 17:04:07,60정,,,2개,
https://search.shopping.naver.com/catalog/53549289863,NOW03033,"베타글루칸, ImmunEnhancer 함유, 엑스트라 스트렝스, 250mg, 베지 캡슐 60정",나우푸드 베타글루칸 엑스트라 스트렝스 250mg x 60정 3개,30900,0,30900,"배송비
무료",쿠팡,2025-09-03 17:04:10,60정,,,3개,
https://search.shopping.naver.com/catalog/53549289863,NOW03033,"베타글루칸, ImmunEnhancer 함유, 엑스트라 스트렝스, 250mg, 베지 캡슐 60정",나우푸드 베타글루칸 엑스트라 스트렝스 250mg x 60정 4개,62570,0,62570,"배송비
무료",페스트직구,2025-09-03 17:04:13,60정,,,4개,
https://search.shopping.naver.com/catalog/53549289863,NOW03033,"베타글루칸, ImmunEnhancer 함유, 엑스트라 스트렝스, 250mg, 베지 캡슐 60정",나우푸드 베타글루칸 엑스트라 스트렝스 250mg x 60정 6개,89800,9900,99700,"배송비
9,900원 포함",유라헬,2025-09-03 17:04:16,60정,,,6개,
https://search.shopping.naver.com/catalog/54368039618,CGN01898,"L-글루타치온(환원형), 500mg, 베지 캡슐 120정",캘리포니아골드뉴트리션 L 글루타치온 120캡슐,45080,0,45080,"배송비
무료",아이허브 공식스토어,2025-09-03 17:04:26,,,1개,,
https://search.shopping.naver.com/catalog/54368039618,CGN01898,"L-글루타치온(환원형), 500mg, 베지 캡슐 120정",캘리포니아골드뉴트리션 L 글루타치온 120캡슐,90170,0,90170,"배송비
무료",아이허브 공식스토어,2025-09-03 17:04:29,,,2개,,
https://search.shopping.naver.com/catalog/54368039618,CGN01898,"L-글루타치온(환원형), 500mg, 베지 캡슐 120정",캘리포니아골드뉴트리션 L 글루타치온 120캡슐,135250,0,135250,"배송비
무료",아이허브 공식스토어,2025-09-03 17:04:32,,,3개,,
https://search.shopping.naver.com/catalog/35366617619,NWY15786,"Alive 어린이용 츄어블 종합비타민, 오렌지 & 베리 과일 맛, 츄어블 120정",네이쳐스웨이 얼라이브 키즈 멀티비타민 오렌지 베리 후르츠맛 120정,18010,4500,22510,"배송비
4,500원 포함",옥션,2025-09-03 17:04:41,,,1개,,
https://search.shopping.naver.com/catalog/35366617619,NWY15786,"Alive 어린이용 츄어블 종합비타민, 오렌지 & 베리 과일 맛, 츄어블 120정",네이쳐스웨이 얼라이브 키즈 멀티비타민 오렌지 베리 후르츠맛 120정,31520,4500,36020,"배송비
4,500원 포함",옥션,2025-09-03 17:04:44,,,2개,,
https://search.shopping.naver.com/catalog/35366617619,NWY15786,"Alive 어린이용 츄어블 종합비타민, 오렌지 & 베리 과일 맛, 츄어블 120정",네이쳐스웨이 얼라이브 키즈 멀티비타민 오렌지 베리 후르츠맛 120정,40530,0,40530,"배송비
무료",옥션,2025-09-03 17:04:47,,,3개,,
https://search.shopping.naver.com/catalog/53530269531,NOW00104,"글루타치온, 500mg, 베지 캡슐 60정",나우푸드 글루타치온 500mg x 60캡슐 1개,26250,8000,34250,"배송비
8,000원 포함",롯데ON,2025-09-03 17:05:02,60캡슐,,,1개,
https://search.shopping.naver.com/catalog/53530269531,NOW00104,"글루타치온, 500mg, 베지 캡슐 60정",나우푸드 글루타치온 500mg x 60캡슐 2개,45930,6500,52430,"배송비
6,500원 포함",옥션,2025-09-03 17:05:05,60캡슐,,,2개,
https://search.shopping.naver.com/catalog/53530269531,NOW00104,"글루타치온, 500mg, 베지 캡슐 60정",나우푸드 글루타치온 500mg x 60캡슐 3개,70940,20000,90940,"배송비
20,000원 포함",쿠팡,2025-09-03 17:05:08,60캡슐,,,3개,
https://search.shopping.naver.com/catalog/53530269531,NOW00104,"글루타치온, 500mg, 베지 캡슐 60정",나우푸드 글루타치온 500mg x 60캡슐 4개,92770,20000,112770,"배송비
20,000원 포함",쿠팡,2025-09-03 17:05:11,60캡슐,,,4개,
https://search.shopping.naver.com/catalog/53530269531,NOW00104,"글루타치온, 500mg, 베지 캡슐 60정",나우푸드 글루타치온 500mg x 60캡슐 6개,150390,0,150390,"배송비
무료",G마켓,2025-09-03 17:05:14,60캡슐,,,6개,
https://search.shopping.naver.com/catalog/53530269531,NOW00104,"글루타치온, 500mg, 베지 캡슐 60정",나우푸드 글루타치온 500mg x 30캡슐 1개,18900,0,18900,"배송비
무료",굿 굿 즈,2025-09-03 17:05:24,30캡슐,,,1개,
https://search.shopping.naver.com/catalog/53530269531,NOW00104,"글루타치온, 500mg, 베지 캡슐 60정",나우푸드 글루타치온 500mg x 30캡슐 2개,28960,0,28960,"배송비
무료",아이허브 공식스토어,2025-09-03 17:05:27,30캡슐,,,2개,
https://search.shopping.naver.com/catalog/53530269531,NOW00104,"글루타치온, 500mg, 베지 캡슐 60정",나우푸드 글루타치온 500mg x 30캡슐 3개,43450,0,43450,"배송비
무료",아이허브 공식스토어,2025-09-03 17:05:29,30캡슐,,,3개,
https://search.shopping.naver.com/catalog/51929613785,DRB00257,"Q-C를 함유한 비타민C, 1,000mg, 베지 캡슐 120정",닥터스베스트 비타민C 1000mg x 120캡슐 1개,20010,0,20010,"배송비
무료",세이브비타,2025-09-03 17:05:46,120캡슐,,,1개,
https://search.shopping.naver.com/catalog/51929613785,DRB00257,"Q-C를 함유한 비타민C, 1,000mg, 베지 캡슐 120정",닥터스베스트 비타민C 1000mg x 120캡슐 2개,34260,0,34260,"배송비
무료",콘샌드,2025-09-03 17:05:49,120캡슐,,,2개,
https://search.shopping.naver.com/catalog/51929613785,DRB00257,"Q-C를 함유한 비타민C, 1,000mg, 베지 캡슐 120정",닥터스베스트 비타민C 1000mg x 120캡슐 3개,55800,0,55800,"배송비
무료",PLAINLIVING,2025-09-03 17:05:52,120캡슐,,,3개,
https://search.shopping.naver.com/catalog/51929613785,DRB00257,"Q-C를 함유한 비타민C, 1,000mg, 베지 캡슐 120정",닥터스베스트 비타민C 1000mg x 120캡슐 4개,87900,0,87900,"배송비
무료",기니스토어,2025-09-03 17:05:55,120캡슐,,,4개,
https://search.shopping.naver.com/catalog/51929613785,DRB00257,"Q-C를 함유한 비타민C, 1,000mg, 베지 캡슐 120정",닥터스베스트 비타민C 1000mg x 120캡슐 5개,110700,0,110700,"배송비
무료",인생아이템,2025-09-03 17:05:58,120캡슐,,,5개,
https://search.shopping.naver.com/catalog/51929613785,DRB00257,"Q-C를 함유한 비타민C, 1,000mg, 베지 캡슐 120정",닥터스베스트 비타민C 1000mg x 360캡슐 1개,41890,0,41890,"배송비
무료",옥션,2025-09-03 17:06:07,360캡슐,,,1개,
https://search.shopping.naver.com/catalog/51929613785,DRB00257,"Q-C를 함유한 비타민C, 1,000mg, 베지 캡슐 120정",닥터스베스트 비타민C 1000mg x 360캡슐 2개,84560,0,84560,"배송비
무료",옥션,2025-09-03 17:06:10,360캡슐,,,2개,
https://search.shopping.naver.com/catalog/51929613785,DRB00257,"Q-C를 함유한 비타민C, 1,000mg, 베지 캡슐 120정",닥터스베스트 비타민C 1000mg x 360캡슐 3개,163000,9900,172900,"배송비
9,900원 포함",까까조,2025-09-03 17:06:12,360캡슐,,,3개,
https://search.shopping.naver.com/catalog/51929613785,DRB00257,"Q-C를 함유한 비타민C, 1,000mg, 베지 캡슐 120정",닥터스베스트 비타민C 1000mg x 360캡슐 4개,215900,0,215900,"배송비
무료",기니스토어,2025-09-03 17:06:15,360캡슐,,,4개,
https://search.shopping.naver.com/catalog/51929613785,DRB00257,"Q-C를 함유한 비타민C, 1,000mg, 베지 캡슐 120정",닥터스베스트 비타민C 1000mg x 360캡슐 5개,269900,0,269900,"배송비
무료",기니스토어,2025-09-03 17:06:18,360캡슐,,,5개,
https://search.shopping.naver.com/catalog/51929613785,DRB00257,"Q-C를 함유한 비타민C, 1,000mg, 베지 캡슐 120정",닥터스베스트 비타민C 1000mg x 360캡슐 6개,323900,0,323900,"배송비
무료",기니스토어,2025-09-03 17:06:21,360캡슐,,,6개,
https://search.shopping.naver.com/catalog/25274389524,NOW01665,"울트라 오메가3, 500 EPA/250 DHA, 피쉬 소프트젤 180정",나우푸드 울트라 오메가3 180정,29900,0,29900,"배송비
무료",옥션,2025-09-03 17:06:29,,,1개,,
https://search.shopping.naver.com/catalog/25274389524,NOW01665,"울트라 오메가3, 500 EPA/250 DHA, 피쉬 소프트젤 180정",나우푸드 울트라 오메가3 180정,69800,9900,79700,"배송비
9,900원 포함",소박한모리,2025-09-03 17:06:32,,,2개,,
https://search.shopping.naver.com/catalog/25274389524,NOW01665,"울트라 오메가3, 500 EPA/250 DHA, 피쉬 소프트젤 180정",나우푸드 울트라 오메가3 180정,99800,0,99800,"배송비
무료",PLAINLIVING,2025-09-03 17:06:35,,,3개,,
https://search.shopping.naver.com/catalog/25274389524,NOW01665,"울트라 오메가3, 500 EPA/250 DHA, 피쉬 소프트젤 180정",나우푸드 울트라 오메가3 180정,149860,0,149860,"배송비
무료",11번가,2025-09-03 17:06:38,,,4개,,
https://search.shopping.naver.com/catalog/25274389524,NOW01665,"울트라 오메가3, 500 EPA/250 DHA, 피쉬 소프트젤 180정",나우푸드 울트라 오메가3 180정,170310,0,170310,"배송비
무료",G마켓,2025-09-03 17:06:40,,,5개,,
https://search.shopping.naver.com/catalog/39702268477,JRW03024,"Jarro-Dophilus EPS, 100억, 베지 캡슐 120정(캡슐당 50억)",자로우포뮬러스 도피러스 EPS 100 억 유산균 120 베지캡슐,32010,0,32010,"배송비
무료",직구준맘,2025-09-03 17:06:48,,,1개,,
https://search.shopping.naver.com/catalog/39702268477,JRW03024,"Jarro-Dophilus EPS, 100억, 베지 캡슐 120정(캡슐당 50억)",자로우포뮬러스 도피러스 EPS 100 억 유산균 120 베지캡슐,62400,9900,72300,"배송비
9,900원 포함",로쿠벨 RokuBelle,2025-09-03 17:06:51,,,2개,,
https://search.shopping.naver.com/catalog/39702268477,JRW03024,"Jarro-Dophilus EPS, 100억, 베지 캡슐 120정(캡슐당 50억)",자로우포뮬러스 도피러스 EPS 100 억 유산균 120 베지캡슐,105690,0,105690,"배송비
무료",슈잘나,2025-09-03 17:06:54,,,3개,,
https://search.shopping.naver.com/catalog/39702268477,JRW03024,"Jarro-Dophilus EPS, 100억, 베지 캡슐 120정(캡슐당 50억)",자로우포뮬러스 도피러스 EPS 100 억 유산균 120 베지캡슐,133190,0,133190,"배송비
무료",슈잘나,2025-09-03 17:06:57,,,4개,,
https://search.shopping.naver.com/catalog/54367632832,CGN01900,S-아세틸 L-글루타치온 100mg 베지 캡슐 120정,캘리포니아골드뉴트리션 S-아세틸 L-글루타치온 120정,0,0,0,가격 정보 없음,쇼핑몰 정보 없음,2025-09-03 17:07:04,,,,,
https://search.shopping.naver.com/catalog/35368456619,NOW02811,"D-마노스, 500mg, 베지 캡슐 120정",나우푸드 D-마노스 500mg x 120캡슐,19380,0,19380,"배송비
무료",11번가,2025-09-03 17:07:13,,,1개,,
https://search.shopping.naver.com/catalog/35368456619,NOW02811,"D-마노스, 500mg, 베지 캡슐 120정",나우푸드 D-마노스 500mg x 120캡슐,29780,0,29780,"배송비
무료",옥션,2025-09-03 17:07:15,,,2개,,
https://search.shopping.naver.com/catalog/35368456619,NOW02811,"D-마노스, 500mg, 베지 캡슐 120정",나우푸드 D-마노스 500mg x 120캡슐,44660,0,44660,"배송비
무료",옥션,2025-09-03 17:07:18,,,3개,,
https://search.shopping.naver.com/catalog/35368456619,NOW02811,"D-마노스, 500mg, 베지 캡슐 120정",나우푸드 D-마노스 500mg x 120캡슐,73980,0,73980,"배송비
무료",웰니스 플래닛,2025-09-03 17:07:21,,,4개,,
https://search.shopping.naver.com/catalog/35368456619,NOW02811,"D-마노스, 500mg, 베지 캡슐 120정",나우푸드 D-마노스 500mg x 120캡슐,183000,0,183000,"배송비
무료",G마켓,2025-09-03 17:07:33,,,6개,,
https://search.shopping.naver.com/catalog/53647991113,GOL11415,RAW 유기농 단백질 유기농 식물 포뮬라 무맛 560g,"가든오브라이프 RAW 유기농 단백질 유기농 식물 포뮬라 무맛 560g, 1개",40000,0,40000,"배송비
무료",아이허브 공식스토어,2025-09-03 17:07:40,,,,,
https://search.shopping.naver.com/catalog/35416886618,LEX18739,"표준화된 유러피안 빌베리 추출물, 100mg, 베지 캡슐 90정",라이프익스텐션 빌베리 추출물 90캡슐,29200,0,29200,"배송비
무료",G마켓,2025-09-03 17:07:49,,,1개,,
https://search.shopping.naver.com/catalog/35416886618,LEX18739,"표준화된 유러피안 빌베리 추출물, 100mg, 베지 캡슐 90정",라이프익스텐션 빌베리 추출물 90캡슐,56530,0,56530,"배송비
무료",옥션,2025-09-03 17:07:52,,,2개,,
https://search.shopping.naver.com/catalog/35416886618,LEX18739,"표준화된 유러피안 빌베리 추출물, 100mg, 베지 캡슐 90정",라이프익스텐션 빌베리 추출물 90캡슐,94000,0,94000,"배송비
무료",옥션,2025-09-03 17:07:54,,,3개,,
https://search.shopping.naver.com/catalog/35416886618,LEX18739,"표준화된 유러피안 빌베리 추출물, 100mg, 베지 캡슐 90정",라이프익스텐션 빌베리 추출물 90캡슐,213400,18800,232200,"배송비
18,800원 포함",쿠팡,2025-09-03 17:07:57,,,4개,,
https://search.shopping.naver.com/catalog/35887756620,NOW03070,"브로멜라인 함유 퀘르세틴, 베지 캡슐 120정",나우푸드 케르세틴 브로멜라인 120베지캡슐,27250,0,27250,"배송비
무료",G마켓,2025-09-03 17:08:05,,,1개,,
https://search.shopping.naver.com/catalog/35887756620,NOW03070,"브로멜라인 함유 퀘르세틴, 베지 캡슐 120정",나우푸드 케르세틴 브로멜라인 120베지캡슐,43460,0,43460,"배송비
무료",옥션,2025-09-03 17:08:08,,,2개,,
https://search.shopping.naver.com/catalog/35887756620,NOW03070,"브로멜라인 함유 퀘르세틴, 베지 캡슐 120정",나우푸드 케르세틴 브로멜라인 120베지캡슐,65180,0,65180,"배송비
무료",옥션,2025-09-03 17:08:11,,,3개,,
https://search.shopping.naver.com/catalog/35887756620,NOW03070,"브로멜라인 함유 퀘르세틴, 베지 캡슐 120정",나우푸드 케르세틴 브로멜라인 120베지캡슐,86910,0,86910,"배송비
무료",옥션,2025-09-03 17:08:14,,,4개,,
https://search.shopping.naver.com/catalog/35887756620,NOW03070,"브로멜라인 함유 퀘르세틴, 베지 캡슐 120정",나우푸드 케르세틴 브로멜라인 120베지캡슐,180880,5000,185880,"배송비
5,000원 포함",엘로우프리지어2,2025-09-03 17:08:17,,,5개,,
https://search.shopping.naver.com/catalog/35887756620,NOW03070,"브로멜라인 함유 퀘르세틴, 베지 캡슐 120정",나우푸드 케르세틴 브로멜라인 120베지캡슐,214880,5000,219880,"배송비
5,000원 포함",엘로우프리지어2,2025-09-03 17:08:19,,,6개,,
https://search.shopping.naver.com/catalog/36216592618,LEX16039,"Neuro-Mag, 마그네슘 L-트레온산, 베지 캡슐 90정",라이프익스텐션 뉴로-매그 마그네슘 L-트레오네이트 90베지캡슐,31050,0,31050,"배송비
무료",옥션,2025-09-03 17:08:28,,,1개,,
https://search.shopping.naver.com/catalog/36216592618,LEX16039,"Neuro-Mag, 마그네슘 L-트레온산, 베지 캡슐 90정",라이프익스텐션 뉴로-매그 마그네슘 L-트레오네이트 90베지캡슐,31050,0,31050,"배송비
무료",옥션,2025-09-03 17:08:37,,,2개,,
https://search.shopping.naver.com/catalog/36216592618,LEX16039,"Neuro-Mag, 마그네슘 L-트레온산, 베지 캡슐 90정",라이프익스텐션 뉴로-매그 마그네슘 L-트레오네이트 90베지캡슐,93160,0,93160,"배송비
무료",옥션,2025-09-03 17:08:40,,,3개,,
https://search.shopping.naver.com/catalog/36216592618,LEX16039,"Neuro-Mag, 마그네슘 L-트레온산, 베지 캡슐 90정",라이프익스텐션 뉴로-매그 마그네슘 L-트레오네이트 90베지캡슐,129970,0,129970,"배송비
무료",옥션,2025-09-03 17:08:43,,,4개,,
https://search.shopping.naver.com/catalog/36216592618,LEX16039,"Neuro-Mag, 마그네슘 L-트레온산, 베지 캡슐 90정",라이프익스텐션 뉴로-매그 마그네슘 L-트레오네이트 90베지캡슐,215560,0,215560,"배송비
무료",옥션,2025-09-03 17:08:46,,,6개,,
https://search.shopping.naver.com/catalog/51929228950,DRB00327,"Q-C를 함유한 비타민C, 1,000mg, 베지 캡슐 360정",닥터스베스트 비타민C 1000mg x 120캡슐 1개,20010,0,20010,"배송비
무료",세이브비타,2025-09-03 17:09:06,120캡슐,,,1개,
https://search.shopping.naver.com/catalog/51929228950,DRB00327,"Q-C를 함유한 비타민C, 1,000mg, 베지 캡슐 360정",닥터스베스트 비타민C 1000mg x 120캡슐 2개,34260,0,34260,"배송비
무료",콘샌드,2025-09-03 17:09:09,120캡슐,,,2개,
https://search.shopping.naver.com/catalog/51929228950,DRB00327,"Q-C를 함유한 비타민C, 1,000mg, 베지 캡슐 360정",닥터스베스트 비타민C 1000mg x 120캡슐 3개,55800,0,55800,"배송비
무료",PLAINLIVING,2025-09-03 17:09:12,120캡슐,,,3개,
https://search.shopping.naver.com/catalog/51929228950,DRB00327,"Q-C를 함유한 비타민C, 1,000mg, 베지 캡슐 360정",닥터스베스트 비타민C 1000mg x 120캡슐 4개,87900,0,87900,"배송비
무료",기니스토어,2025-09-03 17:09:14,120캡슐,,,4개,
https://search.shopping.naver.com/catalog/51929228950,DRB00327,"Q-C를 함유한 비타민C, 1,000mg, 베지 캡슐 360정",닥터스베스트 비타민C 1000mg x 120캡슐 5개,110700,0,110700,"배송비
무료",인생아이템,2025-09-03 17:09:17,120캡슐,,,5개,
https://search.shopping.naver.com/catalog/51929228950,DRB00327,"Q-C를 함유한 비타민C, 1,000mg, 베지 캡슐 360정",닥터스베스트 비타민C 1000mg x 360캡슐 1개,41890,0,41890,"배송비
무료",옥션,2025-09-03 17:09:26,360캡슐,,,1개,
https://search.shopping.naver.com/catalog/51929228950,DRB00327,"Q-C를 함유한 비타민C, 1,000mg, 베지 캡슐 360정",닥터스베스트 비타민C 1000mg x 360캡슐 1개,41890,0,41890,"배송비
무료",옥션,2025-09-03 17:09:29,360캡슐,,,2개,
https://search.shopping.naver.com/catalog/51929228950,DRB00327,"Q-C를 함유한 비타민C, 1,000mg, 베지 캡슐 360정",닥터스베스트 비타민C 1000mg x 360캡슐 3개,163000,9900,172900,"배송비
9,900원 포함",까까조,2025-09-03 17:09:32,360캡슐,,,3개,
https://search.shopping.naver.com/catalog/51929228950,DRB00327,"Q-C를 함유한 비타민C, 1,000mg, 베지 캡슐 360정",닥터스베스트 비타민C 1000mg x 360캡슐 4개,215900,0,215900,"배송비
무료",기니스토어,2025-09-03 17:09:35,360캡슐,,,4개,
https://search.shopping.naver.com/catalog/51929228950,DRB00327,"Q-C를 함유한 비타민C, 1,000mg, 베지 캡슐 360정",닥터스베스트 비타민C 1000mg x 360캡슐 5개,269900,0,269900,"배송비
무료",기니스토어,2025-09-03 17:09:38,360캡슐,,,5개,
https://search.shopping.naver.com/catalog/51929228950,DRB00327,"Q-C를 함유한 비타민C, 1,000mg, 베지 캡슐 360정",닥터스베스트 비타민C 1000mg x 360캡슐 6개,323900,0,323900,"배송비
무료",기니스토어,2025-09-03 17:09:40,360캡슐,,,6개,
https://search.shopping.naver.com/catalog/53664308495,CGN01064,스포츠 분리유청단백질 무맛 454g(1lb),"캘리포니아골드뉴트리션 웨이 프로틴 아이솔레이트 454g, 1개",35500,0,35500,"배송비
무료",비타민해외직구,2025-09-03 17:09:59,,,,1개,454g
https://search.shopping.naver.com/catalog/53664308495,CGN01064,스포츠 분리유청단백질 무맛 454g(1lb),"캘리포니아골드뉴트리션 웨이 프로틴 아이솔레이트 454g, 2개",68500,0,68500,"배송비
무료",일품스토어,2025-09-03 17:10:02,,,,2개,454g
https://search.shopping.naver.com/catalog/53664308495,CGN01064,스포츠 분리유청단백질 무맛 454g(1lb),"캘리포니아골드뉴트리션 웨이 프로틴 아이솔레이트 454g, 3개",99900,0,99900,"배송비
무료",일품스토어,2025-09-03 17:10:05,,,,3개,454g
https://search.shopping.naver.com/catalog/53664308495,CGN01064,스포츠 분리유청단백질 무맛 454g(1lb),"캘리포니아골드뉴트리션 웨이 프로틴 아이솔레이트 454g, 6개",219700,19900,239600,"배송비
19,900원 포함",해피굿드림,2025-09-03 17:10:08,,,,6개,454g
https://search.shopping.naver.com/catalog/51929507810,DRB00329,"고흡수율 CoQ10, BioPerine 함유, 200mg, 베지 캡슐 180정",닥터스베스트 코엔자임 큐텐 200mg x 60캡슐 1개,23700,0,23700,"배송비
무료",땡쓰마켓GO,2025-09-03 17:10:28,60캡슐,,,1개,
https://search.shopping.naver.com/catalog/51929507810,DRB00329,"고흡수율 CoQ10, BioPerine 함유, 200mg, 베지 캡슐 180정",닥터스베스트 코엔자임 큐텐 200mg x 60캡슐 2개,43320,0,43320,"배송비
무료",G마켓,2025-09-03 17:10:30,60캡슐,,,2개,
https://search.shopping.naver.com/catalog/51929507810,DRB00329,"고흡수율 CoQ10, BioPerine 함유, 200mg, 베지 캡슐 180정",닥터스베스트 코엔자임 큐텐 200mg x 60캡슐 3개,64280,0,64280,"배송비
무료",G마켓,2025-09-03 17:10:33,60캡슐,,,3개,
https://search.shopping.naver.com/catalog/51929507810,DRB00329,"고흡수율 CoQ10, BioPerine 함유, 200mg, 베지 캡슐 180정",닥터스베스트 코엔자임큐텐 CoQ10 200mg x 180정 1개,40900,0,40900,"배송비
무료",세이브비타,2025-09-03 17:10:42,180정,,,1개,
https://search.shopping.naver.com/catalog/51929507810,DRB00329,"고흡수율 CoQ10, BioPerine 함유, 200mg, 베지 캡슐 180정",닥터스베스트 코엔자임큐텐 CoQ10 200mg x 180정 2개,109200,19900,129100,"배송비
19,900원 포함",월간직구,2025-09-03 17:10:45,180정,,,2개,
https://search.shopping.naver.com/catalog/51929507810,DRB00329,"고흡수율 CoQ10, BioPerine 함유, 200mg, 베지 캡슐 180정",닥터스베스트 코엔자임큐텐 CoQ10 200mg x 180정 3개,234820,6000,240820,"배송비
6,000원 포함",피스망고팜,2025-09-03 17:10:48,180정,,,3개,
https://search.shopping.naver.com/catalog/35911088619,SOR57445,"비타민D3 + K2, 대두 무함유, 베지 캡슐 120정",솔라레이 비타민D3 + K2 120캡슐,24050,4500,28550,"배송비
4,500원 포함",옥션,2025-09-03 17:10:56,,,1개,,
https://search.shopping.naver.com/catalog/35911088619,SOR57445,"비타민D3 + K2, 대두 무함유, 베지 캡슐 120정",솔라레이 비타민D3 + K2 120캡슐,43450,0,43450,"배송비
무료",아이허브 공식스토어,2025-09-03 17:10:59,,,2개,,
https://search.shopping.naver.com/catalog/35911088619,SOR57445,"비타민D3 + K2, 대두 무함유, 베지 캡슐 120정",솔라레이 비타민D3 + K2 120캡슐,65170,0,65170,"배송비
무료",아이허브 공식스토어,2025-09-03 17:11:02,,,3개,,
https://search.shopping.naver.com/catalog/35911088619,SOR57445,"비타민D3 + K2, 대두 무함유, 베지 캡슐 120정",솔라레이 비타민D3 + K2 120캡슐,94400,9900,104300,"배송비
9,900원 포함",퀵어스몰,2025-09-03 17:11:04,,,4개,,
https://search.shopping.naver.com/catalog/55565023022,PIF50720,"유기농 목초 사육 오리지널 기, 425g(15oz)",퓨어인디안푸드 오리지널 기버터 425g 1개,23240,4500,27740,"배송비
4,500원 포함",아이허브 공식스토어,2025-09-03 17:11:20,,,,1개,425g
https://search.shopping.naver.com/catalog/55565023022,PIF50720,"유기농 목초 사육 오리지널 기, 425g(15oz)",퓨어인디안푸드 오리지널 기버터 425g 2개,46800,9900,56700,"배송비
9,900원 포함",하루의스토어,2025-09-03 17:11:22,,,,2개,425g
https://search.shopping.naver.com/catalog/55037999355,AGE12159,"리포소말 글루타치온, 1,000mg, 캡슐 60정(캡슐당 500mg)",코드에이지 리포조말 리포좀 리포소말 글루타치온 1000mg 60캡슐,53250,0,53250,"배송비
무료",아이허브 공식스토어,2025-09-03 17:11:29,,,,,
https://search.shopping.naver.com/catalog/35367425620,LEX19251,"Advanced Milk Thistle, 소프트젤 120정",라이프익스텐션 유로피안 밀크 시슬 소프트젤 120캡슐,29680,0,29680,"배송비
무료",쿠팡,2025-09-03 17:11:39,,,1개,,
https://search.shopping.naver.com/catalog/35367425620,LEX19251,"Advanced Milk Thistle, 소프트젤 120정",라이프익스텐션 유로피안 밀크 시슬 소프트젤 120캡슐,57810,0,57810,"배송비
무료",쿠팡,2025-09-03 17:11:42,,,2개,,
https://search.shopping.naver.com/catalog/35367425620,LEX19251,"Advanced Milk Thistle, 소프트젤 120정",라이프익스텐션 유로피안 밀크 시슬 소프트젤 120캡슐,85460,0,85460,"배송비
무료",쿠팡,2025-09-03 17:11:45,,,3개,,
https://search.shopping.naver.com/catalog/35367425620,LEX19251,"Advanced Milk Thistle, 소프트젤 120정",라이프익스텐션 유로피안 밀크 시슬 소프트젤 120캡슐,112910,0,112910,"배송비
무료",쿠팡,2025-09-03 17:11:47,,,4개,,
https://search.shopping.naver.com/catalog/35367425620,LEX19251,"Advanced Milk Thistle, 소프트젤 120정",라이프익스텐션 유로피안 밀크 시슬 소프트젤 120캡슐,277700,0,277700,"배송비
무료",쿠팡,2025-09-03 17:11:50,,,5개,,
https://search.shopping.naver.com/catalog/35367425620,LEX19251,"Advanced Milk Thistle, 소프트젤 120정",라이프익스텐션 유로피안 밀크 시슬 소프트젤 120캡슐,288900,0,288900,"배송비
무료",웰스히어로,2025-09-03 17:11:53,,,6개,,
https://search.shopping.naver.com/catalog/36514982621,LEX19936,"MacuGuard, 사프란 & 아스타잔틴 함유 안구 보충제, 소프트젤 60정",라이프익스텐션 마쿠가드 오쿨러 서포트 아스타잔틴 60소프트젤,32070,0,32070,"배송비
무료",더블루블랑,2025-09-03 17:12:02,,,1개,,
https://search.shopping.naver.com/catalog/36514982621,LEX19936,"MacuGuard, 사프란 & 아스타잔틴 함유 안구 보충제, 소프트젤 60정",라이프익스텐션 마쿠가드 오쿨러 서포트 아스타잔틴 60소프트젤,48800,9900,58700,"배송비
9,900원 포함",브라키오글로벌,2025-09-03 17:12:05,,,2개,,
https://search.shopping.naver.com/catalog/36514982621,LEX19936,"MacuGuard, 사프란 & 아스타잔틴 함유 안구 보충제, 소프트젤 60정",라이프익스텐션 마쿠가드 오쿨러 서포트 아스타잔틴 60소프트젤,79650,0,79650,"배송비
무료",쿠팡,2025-09-03 17:12:08,,,3개,,
https://search.shopping.naver.com/catalog/36514982621,LEX19936,"MacuGuard, 사프란 & 아스타잔틴 함유 안구 보충제, 소프트젤 60정",라이프익스텐션 마쿠가드 오쿨러 서포트 아스타잔틴 60소프트젤,104740,0,104740,"배송비
무료",헬로 유로,2025-09-03 17:12:10,,,4개,,
https://search.shopping.naver.com/catalog/48094301622,LEX23483,"NAD+ 세포 재생제 및 레스베라트롤, NIAGEN 니코틴아미드 리보사이드, 베지 캡슐 30정",라이프익스텐션 NAD+레스베라트롤 NIAGEN 니코틴아미드 리보사이드 베지캡슐 30캡슐,50330,0,50330,"배송비
무료",아이허브 공식스토어,2025-09-03 17:12:17,,,,,
https://search.shopping.naver.com/catalog/55396544476,CGN01202,"스포츠, 다크 초콜릿 분리유청단백질, 907g(2lb)","캘리포니아골드뉴트리션 웨이 프로틴 아이솔레이트 다크 초콜릿 907g, 1개",0,0,0,가격 정보 없음,쇼핑몰 정보 없음,2025-09-03 17:12:23,,,,,
https://search.shopping.naver.com/catalog/35326261618,JRW03029,"사카로미세스 보울라디 플러스 MOS, 50억, 지연 방출 베지 캡슐 180정",자로우포뮬러스 사카로미세스 보울라디 + MOS 50억 180베지캡슐,39260,0,39260,"배송비
무료",나미의 다락방,2025-09-03 17:12:31,,,1개,,
https://search.shopping.naver.com/catalog/35326261618,JRW03029,"사카로미세스 보울라디 플러스 MOS, 50억, 지연 방출 베지 캡슐 180정",자로우포뮬러스 사카로미세스 보울라디 + MOS 50억 180베지캡슐,75520,0,75520,"배송비
무료",나미의 다락방,2025-09-03 17:12:34,,,2개,,
https://search.shopping.naver.com/catalog/35326261618,JRW03029,"사카로미세스 보울라디 플러스 MOS, 50억, 지연 방출 베지 캡슐 180정",자로우포뮬러스 사카로미세스 보울라디 + MOS 50억 180베지캡슐,111800,0,111800,"배송비
무료",나미의 다락방,2025-09-03 17:12:37,,,3개,,
https://search.shopping.naver.com/catalog/35326261618,JRW03029,"사카로미세스 보울라디 플러스 MOS, 50억, 지연 방출 베지 캡슐 180정",자로우포뮬러스 사카로미세스 보울라디 + MOS 50억 180베지캡슐,169800,9900,179700,"배송비
9,900원 포함",넥스트상점,2025-09-03 17:12:39,,,4개,,
https://search.shopping.naver.com/catalog/51385347334,CMV00555,"마누카 꿀, UMF 15+, MGO 514+, 250g(8.8oz)",콤비타 마누카 꿀 UMF 15 MGO 514 250g 8 8oz,50830,0,50830,"배송비
무료",아이허브 공식스토어,2025-09-03 17:12:46,,,,,
https://search.shopping.naver.com/catalog/29437043621,JRW23014,"비건 매스틱 검, 1,000mg, 베지 캡슐 120정",자로우포뮬러스 매스틱 검 1000mg x 120베지캡슐,43000,5000,48000,"배송비
5,000원 포함",G마켓,2025-09-03 17:12:55,,,1개,,
https://search.shopping.naver.com/catalog/29437043621,JRW23014,"비건 매스틱 검, 1,000mg, 베지 캡슐 120정",자로우포뮬러스 매스틱 검 1000mg x 120베지캡슐,61390,9800,71190,"배송비
9,800원 포함",G마켓,2025-09-03 17:12:57,,,2개,,
https://search.shopping.naver.com/catalog/29437043621,JRW23014,"비건 매스틱 검, 1,000mg, 베지 캡슐 120정",자로우포뮬러스 매스틱 검 1000mg x 120베지캡슐,113020,0,113020,"배송비
무료",G마켓,2025-09-03 17:13:00,,,3개,,
https://search.shopping.naver.com/catalog/29437043621,JRW23014,"비건 매스틱 검, 1,000mg, 베지 캡슐 120정",자로우포뮬러스 매스틱 검 1000mg x 120베지캡슐,148250,0,148250,"배송비
무료",G마켓,2025-09-03 17:13:03,,,4개,,
https://search.shopping.naver.com/catalog/29437043621,JRW23014,"비건 매스틱 검, 1,000mg, 베지 캡슐 120정",자로우포뮬러스 매스틱 검 1000mg x 120베지캡슐,187850,0,187850,"배송비
무료",옥션,2025-09-03 17:13:06,,,5개,,
https://search.shopping.naver.com/catalog/29437043621,JRW23014,"비건 매스틱 검, 1,000mg, 베지 캡슐 120정",자로우포뮬러스 매스틱 검 1000mg x 120베지캡슐,239760,0,239760,"배송비
무료",옥션,2025-09-03 17:13:08,,,6개,,
https://search.shopping.naver.com/catalog/49209826138,CMV00008,"마누카 꿀, UMF 10+, MGO 263+, 500g(17.6oz)",콤비타 뉴질랜드 마누카 꿀 UMF 10 MGO 263 500g 품질인증 벌꿀,45440,0,45440,"배송비
무료",아이허브 공식스토어,2025-09-03 17:13:15,,,,,
https://search.shopping.naver.com/catalog/25416771519,NWY10486,네이처스 웨이 삼부커스 구미젤리 엘더베리 구미젤리 60개,네이쳐스웨이 삼부커스 엘더베리 비타민C 아연 함유 구미젤리 60구미,26460,4500,30960,"배송비
4,500원 포함",11번가,2025-09-03 17:13:21,,,,,
https://search.shopping.naver.com/catalog/35909652620,NOW03071,"브로멜라인 함유 퀘르세틴, 베지 캡슐 240정",나우푸드 케르세틴 브로멜라인 240베지캡슐,33290,0,33290,"배송비
무료",11번가,2025-09-03 17:13:30,,,1개,,
https://search.shopping.naver.com/catalog/35909652620,NOW03071,"브로멜라인 함유 퀘르세틴, 베지 캡슐 240정",나우푸드 케르세틴 브로멜라인 240베지캡슐,73900,0,73900,"배송비
무료",G마켓,2025-09-03 17:13:32,,,2개,,
https://search.shopping.naver.com/catalog/35909652620,NOW03071,"브로멜라인 함유 퀘르세틴, 베지 캡슐 240정",나우푸드 케르세틴 브로멜라인 240베지캡슐,60900,0,60900,"배송비
무료",G마켓,2025-09-03 17:13:35,,,3개,,
https://search.shopping.naver.com/catalog/35909652620,NOW03071,"브로멜라인 함유 퀘르세틴, 베지 캡슐 240정",나우푸드 케르세틴 브로멜라인 240베지캡슐,250880,5000,255880,"배송비
5,000원 포함",엘로우프리지어2,2025-09-03 17:13:38,,,4개,,
