상품링크,모델명,원본 상품명,크롤링된 상품명,상품구성,최저가,배송비,배송비포함가,배송비정보,쇼핑몰,크롤링시간
https://search.shopping.naver.com/catalog/35316945627,CGN00965,CGN 락토비프 프로바이오틱스 300억 유산균 60캡슐,캘리포니아골드뉴트리션 LactoBif 프로바이오틱 300억 CFU 60캡슐,상품구성: 1개,22490,0,22490,"배송비
무료",비타케어365,2025-08-29 17:40:48
https://search.shopping.naver.com/catalog/35316945627,CGN00965,CGN 락토비프 프로바이오틱스 300억 유산균 60캡슐,캘리포니아골드뉴트리션 LactoBif 프로바이오틱 300억 CFU 60캡슐,상품구성: 2개,42330,0,42330,"배송비
무료",세이브비타,2025-08-29 17:40:52
https://search.shopping.naver.com/catalog/35316945627,CGN00965,CGN 락토비프 프로바이오틱스 300억 유산균 60캡슐,캘리포니아골드뉴트리션 LactoBif 프로바이오틱 300억 CFU 60캡슐,상품구성: 3개,57650,0,57650,"배송비
무료",G마켓,2025-08-29 17:40:56
https://search.shopping.naver.com/catalog/35316945627,CGN00965,CGN 락토비프 프로바이오틱스 300억 유산균 60캡슐,캘리포니아골드뉴트리션 LactoBif 프로바이오틱 300억 CFU 60캡슐,상품구성: 4개,84680,0,84680,"배송비
무료",옥션,2025-08-29 17:41:00
https://search.shopping.naver.com/catalog/35316945627,CGN00965,CGN 락토비프 프로바이오틱스 300억 유산균 60캡슐,캘리포니아골드뉴트리션 LactoBif 프로바이오틱 300억 CFU 60캡슐,상품구성: 5개,117250,0,117250,"배송비
무료",옥션,2025-08-29 17:41:04
https://search.shopping.naver.com/catalog/35316945627,CGN00965,CGN 락토비프 프로바이오틱스 300억 유산균 60캡슐,캘리포니아골드뉴트리션 LactoBif 프로바이오틱 300억 CFU 60캡슐,상품구성: 6개,123890,30000,153890,"배송비
30,000원 포함",쿠팡,2025-08-29 17:41:09
https://search.shopping.naver.com/catalog/53547017737,CGN01266,오메가3 800 90캡슐,캘리포니아골드뉴트리션 오메가 800 1000mg x 90캡슐 1개,개당 수량: 30캡슐 | 수량: 1개,13500,0,13500,"배송비
무료",비타케어365,2025-08-29 17:41:28
https://search.shopping.naver.com/catalog/53547017737,CGN01266,오메가3 800 90캡슐,캘리포니아골드뉴트리션 오메가 800 1000mg x 90캡슐 1개,개당 수량: 30캡슐 | 수량: 2개,26090,4500,30590,"배송비
4,500원 포함",옥션,2025-08-29 17:41:34
https://search.shopping.naver.com/catalog/53547017737,CGN01266,오메가3 800 90캡슐,캘리포니아골드뉴트리션 오메가 800 1000mg x 90캡슐 1개,개당 수량: 30캡슐 | 수량: 3개,31440,0,31440,"배송비
무료",옥션,2025-08-29 17:41:39
https://search.shopping.naver.com/catalog/53547017737,CGN01266,오메가3 800 90캡슐,캘리포니아골드뉴트리션 오메가 800 1000mg x 90캡슐 1개,개당 수량: 30캡슐 | 수량: 4개,43400,0,43400,"배송비
무료",옥션,2025-08-29 17:41:44
https://search.shopping.naver.com/catalog/53547017737,CGN01266,오메가3 800 90캡슐,캘리포니아골드뉴트리션 오메가 800 1000mg x 90캡슐 1개,개당 수량: 30캡슐 | 수량: 6개,63800,9900,73700,"배송비
9,900원 포함",티티엑스,2025-08-29 17:41:49
https://search.shopping.naver.com/catalog/53547017737,CGN01266,오메가3 800 90캡슐,캘리포니아골드뉴트리션 오메가 800 1000mg x 90캡슐 1개,개당 수량: 90캡슐 | 수량: 1개,29890,0,29890,"배송비
무료",비타케어365,2025-08-29 17:42:06
https://search.shopping.naver.com/catalog/53547017737,CGN01266,오메가3 800 90캡슐,캘리포니아골드뉴트리션 오메가 800 1000mg x 90캡슐 1개,개당 수량: 90캡슐 | 수량: 2개,59990,0,59990,"배송비
무료",W.wanted,2025-08-29 17:42:12
https://search.shopping.naver.com/catalog/53547017737,CGN01266,오메가3 800 90캡슐,캘리포니아골드뉴트리션 오메가 800 1000mg x 90캡슐 1개,개당 수량: 90캡슐 | 수량: 3개,87500,0,87500,"배송비
무료",W.wanted,2025-08-29 17:42:17
https://search.shopping.naver.com/catalog/53547017737,CGN01266,오메가3 800 90캡슐,캘리포니아골드뉴트리션 오메가 800 1000mg x 90캡슐 1개,개당 수량: 90캡슐 | 수량: 4개,105490,40000,145490,"배송비
40,000원 포함",슈잘나,2025-08-29 17:42:22
https://search.shopping.naver.com/catalog/53547017737,CGN01266,오메가3 800 90캡슐,캘리포니아골드뉴트리션 오메가 800 1000mg x 90캡슐 1개,개당 수량: 90캡슐 | 수량: 5개,156900,0,156900,"배송비
무료",비타바이옴,2025-08-29 17:42:27
https://search.shopping.naver.com/catalog/53547017737,CGN01266,오메가3 800 90캡슐,캘리포니아골드뉴트리션 오메가 800 1000mg x 90캡슐 1개,개당 수량: 90캡슐 | 수량: 6개,106500,0,106500,"배송비
무료",롯데ON,2025-08-29 17:42:32
https://search.shopping.naver.com/catalog/53548645762,DRB00087,"고흡수 마그네슘, 200mg(1정당 100mg), 240정",닥터스베스트 고흡수 마그네슘 100mg x 240정 1개,개당 수량: 120정 | 수량: 1개,10100,0,10100,"배송비
무료",로스스토어,2025-08-29 17:42:52
https://search.shopping.naver.com/catalog/53548645762,DRB00087,"고흡수 마그네슘, 200mg(1정당 100mg), 240정",닥터스베스트 고흡수 마그네슘 100mg x 240정 1개,개당 수량: 120정 | 수량: 2개,25900,15000,40900,"배송비
15,000원 포함",쿠팡,2025-08-29 17:42:57
https://search.shopping.naver.com/catalog/53548645762,DRB00087,"고흡수 마그네슘, 200mg(1정당 100mg), 240정",닥터스베스트 고흡수 마그네슘 100mg x 240정 1개,개당 수량: 120정 | 수량: 3개,37600,17000,54600,"배송비
17,000원 포함",쿠팡,2025-08-29 17:43:02
https://search.shopping.naver.com/catalog/53548645762,DRB00087,"고흡수 마그네슘, 200mg(1정당 100mg), 240정",닥터스베스트 고흡수 마그네슘 100mg x 240정 1개,개당 수량: 120정 | 수량: 4개,45900,20000,65900,"배송비
20,000원 포함",쿠팡,2025-08-29 17:43:08
https://search.shopping.naver.com/catalog/53548645762,DRB00087,"고흡수 마그네슘, 200mg(1정당 100mg), 240정",닥터스베스트 고흡수 마그네슘 100mg x 240정 1개,개당 수량: 240정 | 수량: 1개,19620,0,19620,"배송비
무료",비타케어365,2025-08-29 17:43:25
https://search.shopping.naver.com/catalog/53548645762,DRB00087,"고흡수 마그네슘, 200mg(1정당 100mg), 240정",닥터스베스트 고흡수 마그네슘 100mg x 240정 1개,개당 수량: 240정 | 수량: 2개,36630,0,36630,"배송비
무료",세이브비타,2025-08-29 17:43:30
https://search.shopping.naver.com/catalog/53548645762,DRB00087,"고흡수 마그네슘, 200mg(1정당 100mg), 240정",닥터스베스트 고흡수 마그네슘 100mg x 240정 1개,개당 수량: 240정 | 수량: 3개,55000,0,55000,"배송비
무료",비타케어365,2025-08-29 17:43:35
https://search.shopping.naver.com/catalog/53548645762,DRB00087,"고흡수 마그네슘, 200mg(1정당 100mg), 240정",닥터스베스트 고흡수 마그네슘 100mg x 240정 1개,개당 수량: 240정 | 수량: 4개,89200,0,89200,"배송비
무료",올스케어,2025-08-29 17:43:40
https://search.shopping.naver.com/catalog/53548645762,DRB00087,"고흡수 마그네슘, 200mg(1정당 100mg), 240정",닥터스베스트 고흡수 마그네슘 100mg x 240정 1개,개당 수량: 240정 | 수량: 5개,137000,20000,157000,"배송비
20,000원 포함",쿠팡,2025-08-29 17:43:46
https://search.shopping.naver.com/catalog/53548645762,DRB00087,"고흡수 마그네슘, 200mg(1정당 100mg), 240정",닥터스베스트 고흡수 마그네슘 100mg x 240정 1개,개당 수량: 240정 | 수량: 6개,164600,0,164600,"배송비
무료",쿠팡,2025-08-29 17:43:51
https://search.shopping.naver.com/catalog/35343136618,LEX01001,투 퍼 데이 종합비타민 V2 캡슐 120정,라이프익스텐션 투 퍼 데이 종합비타민 120캡슐,상품구성: 1개,21920,0,21920,"배송비
무료",비타케어365,2025-08-29 17:44:03
https://search.shopping.naver.com/catalog/35343136618,LEX01001,투 퍼 데이 종합비타민 V2 캡슐 120정,라이프익스텐션 투 퍼 데이 종합비타민 120캡슐,상품구성: 2개,0,0,0,가격 정보 없음,쇼핑몰 정보 없음,2025-08-29 17:44:07
https://search.shopping.naver.com/catalog/35343136618,LEX01001,투 퍼 데이 종합비타민 V2 캡슐 120정,라이프익스텐션 투 퍼 데이 종합비타민 120캡슐,상품구성: 3개,0,0,0,가격 정보 없음,쇼핑몰 정보 없음,2025-08-29 17:44:09
https://search.shopping.naver.com/catalog/35343136618,LEX01001,투 퍼 데이 종합비타민 V2 캡슐 120정,라이프익스텐션 투 퍼 데이 종합비타민 120캡슐,상품구성: 4개,0,0,0,가격 정보 없음,쇼핑몰 정보 없음,2025-08-29 17:44:11
https://search.shopping.naver.com/catalog/35343136618,LEX01001,투 퍼 데이 종합비타민 V2 캡슐 120정,라이프익스텐션 투 퍼 데이 종합비타민 120캡슐,상품구성: 6개,0,0,0,가격 정보 없음,쇼핑몰 정보 없음,2025-08-29 17:44:13
https://search.shopping.naver.com/catalog/53548648094,CDL10700,"마그네슘 함유 액상 칼슘,  오렌지 맛, 474 ml(16fl oz)",차일드라이프 마그네슘 함유 액상 칼슘 천연 오렌지향 473ml 1개,용량: 473ml | 수량: 1개,24630,10000,34630,"배송비
10,000원 포함",11번가,2025-08-29 17:44:31
https://search.shopping.naver.com/catalog/53548648094,CDL10700,"마그네슘 함유 액상 칼슘,  오렌지 맛, 474 ml(16fl oz)",차일드라이프 마그네슘 함유 액상 칼슘 천연 오렌지향 473ml 1개,용량: 473ml | 수량: 2개,44800,9900,54700,"배송비
9,900원 포함",옐로그린몰,2025-08-29 17:44:36
https://search.shopping.naver.com/catalog/53548648094,CDL10700,"마그네슘 함유 액상 칼슘,  오렌지 맛, 474 ml(16fl oz)",차일드라이프 마그네슘 함유 액상 칼슘 천연 오렌지향 473ml 1개,용량: 473ml | 수량: 3개,69800,9900,79700,"배송비
9,900원 포함",세모제구,2025-08-29 17:44:41
https://search.shopping.naver.com/catalog/53548648094,CDL10700,"마그네슘 함유 액상 칼슘,  오렌지 맛, 474 ml(16fl oz)",차일드라이프 마그네슘 함유 액상 칼슘 천연 오렌지향 473ml 1개,용량: 473ml | 수량: 4개,129000,0,129000,"배송비
무료",퍼팩트바이,2025-08-29 17:44:46
https://search.shopping.naver.com/catalog/35324997626,CGN00963,CGN 락토비프 프로바이오틱 50억CFU60베지캡슐 유산균,캘리포니아골드뉴트리션 LactoBif 프로바이오틱스 50억 CFU 60캡슐,상품구성: 1개,13030,0,13030,"배송비
무료",비타케어365,2025-08-29 17:44:58
https://search.shopping.naver.com/catalog/35324997626,CGN00963,CGN 락토비프 프로바이오틱 50억CFU60베지캡슐 유산균,캘리포니아골드뉴트리션 LactoBif 프로바이오틱스 50억 CFU 60캡슐,상품구성: 2개,25230,4500,29730,"배송비
4,500원 포함",아이허브 공식스토어,2025-08-29 17:45:03
https://search.shopping.naver.com/catalog/35324997626,CGN00963,CGN 락토비프 프로바이오틱 50억CFU60베지캡슐 유산균,캘리포니아골드뉴트리션 LactoBif 프로바이오틱스 50억 CFU 60캡슐,상품구성: 3개,31090,0,31090,"배송비
무료",아이허브 공식스토어,2025-08-29 17:45:07
https://search.shopping.naver.com/catalog/35324997626,CGN00963,CGN 락토비프 프로바이오틱 50억CFU60베지캡슐 유산균,캘리포니아골드뉴트리션 LactoBif 프로바이오틱스 50억 CFU 60캡슐,상품구성: 4개,41460,0,41460,"배송비
무료",G마켓,2025-08-29 17:45:11
https://search.shopping.naver.com/catalog/35324997626,CGN00963,CGN 락토비프 프로바이오틱 50억CFU60베지캡슐 유산균,캘리포니아골드뉴트리션 LactoBif 프로바이오틱스 50억 CFU 60캡슐,상품구성: 5개,51830,0,51830,"배송비
무료",쿠팡,2025-08-29 17:45:15
https://search.shopping.naver.com/catalog/35324997626,CGN00963,CGN 락토비프 프로바이오틱 50억CFU60베지캡슐 유산균,캘리포니아골드뉴트리션 LactoBif 프로바이오틱스 50억 CFU 60캡슐,상품구성: 6개,76800,9900,86700,"배송비
9,900원 포함",유라헬,2025-08-29 17:45:19
https://search.shopping.naver.com/catalog/35366201623,CGN01053,"LactoBif 100 프로바이오틱, 1,000억CFU, 베지 캡슐 30정",캘리포니아골드뉴트리션 LactoBif 프로바이오틱스 1000억 CFU 30캡슐,상품구성: 1개,30650,0,30650,"배송비
무료",옥션,2025-08-29 17:45:32
https://search.shopping.naver.com/catalog/35366201623,CGN01053,"LactoBif 100 프로바이오틱, 1,000억CFU, 베지 캡슐 30정",캘리포니아골드뉴트리션 LactoBif 프로바이오틱스 1000억 CFU 30캡슐,상품구성: 2개,63030,0,63030,"배송비
무료",옥션,2025-08-29 17:45:36
https://search.shopping.naver.com/catalog/35366201623,CGN01053,"LactoBif 100 프로바이오틱, 1,000억CFU, 베지 캡슐 30정",캘리포니아골드뉴트리션 LactoBif 프로바이오틱스 1000억 CFU 30캡슐,상품구성: 3개,98500,0,98500,"배송비
무료",옥션,2025-08-29 17:45:40
https://search.shopping.naver.com/catalog/35366201623,CGN01053,"LactoBif 100 프로바이오틱, 1,000억CFU, 베지 캡슐 30정",캘리포니아골드뉴트리션 LactoBif 프로바이오틱스 1000억 CFU 30캡슐,상품구성: 4개,127790,0,127790,"배송비
무료",11번가,2025-08-29 17:45:44
https://search.shopping.naver.com/catalog/35366201623,CGN01053,"LactoBif 100 프로바이오틱, 1,000억CFU, 베지 캡슐 30정",캘리포니아골드뉴트리션 LactoBif 프로바이오틱스 1000억 CFU 30캡슐,상품구성: 5개,162000,0,162000,"배송비
무료",W.wanted,2025-08-29 17:45:48
https://search.shopping.naver.com/catalog/35366201623,CGN01053,"LactoBif 100 프로바이오틱, 1,000억CFU, 베지 캡슐 30정",캘리포니아골드뉴트리션 LactoBif 프로바이오틱스 1000억 CFU 30캡슐,상품구성: 6개,243900,0,243900,"배송비
무료",렛캔,2025-08-29 17:45:52
https://search.shopping.naver.com/catalog/51929514291,CGN01032,CGN 콜라겐업 히알루론산 비타민C 파우더 무향 464g,캘리포니아골드뉴트리션 콜라겐 업 464g 1개,용량: 206g | 수량: 1개,22000,0,22000,"배송비
무료",비타케어365,2025-08-29 17:46:12
https://search.shopping.naver.com/catalog/51929514291,CGN01032,CGN 콜라겐업 히알루론산 비타민C 파우더 무향 464g,캘리포니아골드뉴트리션 콜라겐 업 464g 1개,용량: 206g | 수량: 2개,36330,0,36330,"배송비
무료",옥션,2025-08-29 17:46:17
https://search.shopping.naver.com/catalog/51929514291,CGN01032,CGN 콜라겐업 히알루론산 비타민C 파우더 무향 464g,캘리포니아골드뉴트리션 콜라겐 업 464g 1개,용량: 206g | 수량: 3개,49670,0,49670,"배송비
무료",옥션,2025-08-29 17:46:22
https://search.shopping.naver.com/catalog/51929514291,CGN01032,CGN 콜라겐업 히알루론산 비타민C 파우더 무향 464g,캘리포니아골드뉴트리션 콜라겐 업 464g 1개,용량: 206g | 수량: 4개,106990,10000,116990,"배송비
10,000원 포함",쿠팡,2025-08-29 17:46:27
https://search.shopping.naver.com/catalog/51929514291,CGN01032,CGN 콜라겐업 히알루론산 비타민C 파우더 무향 464g,캘리포니아골드뉴트리션 콜라겐 업 464g 1개,용량: 464g | 수량: 1개,35590,0,35590,"배송비
무료",옥션,2025-08-29 17:46:44
https://search.shopping.naver.com/catalog/51929514291,CGN01032,CGN 콜라겐업 히알루론산 비타민C 파우더 무향 464g,캘리포니아골드뉴트리션 콜라겐 업 464g 1개,용량: 464g | 수량: 2개,70270,0,70270,"배송비
무료",옥션,2025-08-29 17:46:49
https://search.shopping.naver.com/catalog/51929514291,CGN01032,CGN 콜라겐업 히알루론산 비타민C 파우더 무향 464g,캘리포니아골드뉴트리션 콜라겐 업 464g 1개,용량: 464g | 수량: 3개,116760,0,116760,"배송비
무료",옥션,2025-08-29 17:46:54
https://search.shopping.naver.com/catalog/51929514291,CGN01032,CGN 콜라겐업 히알루론산 비타민C 파우더 무향 464g,캘리포니아골드뉴트리션 콜라겐 업 464g 1개,용량: 464g | 수량: 4개,139400,0,139400,"배송비
무료",G마켓,2025-08-29 17:46:59
https://search.shopping.naver.com/catalog/51929514291,CGN01032,CGN 콜라겐업 히알루론산 비타민C 파우더 무향 464g,캘리포니아골드뉴트리션 콜라겐 업 464g 1개,용량: 464g | 수량: 6개,239000,0,239000,"배송비
무료",헬스머니,2025-08-29 17:47:05
https://search.shopping.naver.com/catalog/53648562349,CGN00932,"Gold C, USP 등급 비타민C, 1,000mg, 베지 캡슐 240정",캘리포니아골드뉴트리션 골드C 1000mg x 240캡슐 1개,개당 수량: 60캡슐 | 수량: 1개,9430,4500,13930,"배송비
4,500원 포함",옥션,2025-08-29 17:47:23
https://search.shopping.naver.com/catalog/53648562349,CGN00932,"Gold C, USP 등급 비타민C, 1,000mg, 베지 캡슐 240정",캘리포니아골드뉴트리션 골드C 1000mg x 240캡슐 1개,개당 수량: 60캡슐 | 수량: 2개,15280,4500,19780,"배송비
4,500원 포함",옥션,2025-08-29 17:47:28
https://search.shopping.naver.com/catalog/53648562349,CGN00932,"Gold C, USP 등급 비타민C, 1,000mg, 베지 캡슐 240정",캘리포니아골드뉴트리션 골드C 1000mg x 240캡슐 1개,개당 수량: 60캡슐 | 수량: 3개,20670,4500,25170,"배송비
4,500원 포함",옥션,2025-08-29 17:47:33
https://search.shopping.naver.com/catalog/53648562349,CGN00932,"Gold C, USP 등급 비타민C, 1,000mg, 베지 캡슐 240정",캘리포니아골드뉴트리션 골드C 1000mg x 240캡슐 1개,개당 수량: 60캡슐 | 수량: 4개,29300,9900,39200,"배송비
9,900원 포함",리플레이스몰,2025-08-29 17:47:39
https://search.shopping.naver.com/catalog/53648562349,CGN00932,"Gold C, USP 등급 비타민C, 1,000mg, 베지 캡슐 240정",캘리포니아골드뉴트리션 골드C 1000mg x 240캡슐 1개,개당 수량: 60캡슐 | 수량: 6개,46260,0,46260,"배송비
무료",템플러스,2025-08-29 17:47:44
https://search.shopping.naver.com/catalog/53648562349,CGN00932,"Gold C, USP 등급 비타민C, 1,000mg, 베지 캡슐 240정",캘리포니아골드뉴트리션 골드C 1000mg x 240캡슐 1개,개당 수량: 240캡슐 | 수량: 1개,22180,0,22180,"배송비
무료",11번가,2025-08-29 17:48:01
https://search.shopping.naver.com/catalog/53648562349,CGN00932,"Gold C, USP 등급 비타민C, 1,000mg, 베지 캡슐 240정",캘리포니아골드뉴트리션 골드C 1000mg x 240캡슐 1개,개당 수량: 240캡슐 | 수량: 2개,36080,0,36080,"배송비
무료",쿠팡,2025-08-29 17:48:06
https://search.shopping.naver.com/catalog/53648562349,CGN00932,"Gold C, USP 등급 비타민C, 1,000mg, 베지 캡슐 240정",캘리포니아골드뉴트리션 골드C 1000mg x 240캡슐 1개,개당 수량: 240캡슐 | 수량: 3개,62900,0,62900,"배송비
무료",클라우드:캐빈,2025-08-29 17:48:11
https://search.shopping.naver.com/catalog/51929493004,NOW04753,"2배 강도 밀크 시슬 추출물,  300mg, 베지 캡슐 200정",나우푸드 실리마린 밀크씨슬 300mg x 200캡슐 1개,개당 수량: 100캡슐 | 수량: 1개,17070,0,17070,"배송비
무료",사가람,2025-08-29 17:48:31
https://search.shopping.naver.com/catalog/51929493004,NOW04753,"2배 강도 밀크 시슬 추출물,  300mg, 베지 캡슐 200정",나우푸드 실리마린 밀크씨슬 300mg x 200캡슐 1개,개당 수량: 100캡슐 | 수량: 2개,31710,0,31710,"배송비
무료",11번가,2025-08-29 17:48:36
https://search.shopping.naver.com/catalog/51929493004,NOW04753,"2배 강도 밀크 시슬 추출물,  300mg, 베지 캡슐 200정",나우푸드 실리마린 밀크씨슬 300mg x 200캡슐 1개,개당 수량: 100캡슐 | 수량: 3개,45600,0,45600,"배송비
무료",11번가,2025-08-29 17:48:41
https://search.shopping.naver.com/catalog/51929493004,NOW04753,"2배 강도 밀크 시슬 추출물,  300mg, 베지 캡슐 200정",나우푸드 실리마린 밀크씨슬 300mg x 200캡슐 1개,개당 수량: 100캡슐 | 수량: 4개,66800,0,66800,"배송비
무료",11번가,2025-08-29 17:48:47
https://search.shopping.naver.com/catalog/51929493004,NOW04753,"2배 강도 밀크 시슬 추출물,  300mg, 베지 캡슐 200정",나우푸드 실리마린 밀크씨슬 300mg x 200캡슐 1개,개당 수량: 100캡슐 | 수량: 5개,82400,0,82400,"배송비
무료",11번가,2025-08-29 17:48:52
https://search.shopping.naver.com/catalog/51929493004,NOW04753,"2배 강도 밀크 시슬 추출물,  300mg, 베지 캡슐 200정",나우푸드 실리마린 밀크씨슬 300mg x 200캡슐 1개,개당 수량: 100캡슐 | 수량: 6개,118900,0,118900,"배송비
무료",기니스토어,2025-08-29 17:48:57
https://search.shopping.naver.com/catalog/51929493004,NOW04753,"2배 강도 밀크 시슬 추출물,  300mg, 베지 캡슐 200정",나우푸드 실리마린 밀크씨슬 300mg x 200캡슐 1개,개당 수량: 200캡슐 | 수량: 1개,25190,0,25190,"배송비
무료",비타케어365,2025-08-29 17:49:13
https://search.shopping.naver.com/catalog/51929493004,NOW04753,"2배 강도 밀크 시슬 추출물,  300mg, 베지 캡슐 200정",나우푸드 실리마린 밀크씨슬 300mg x 200캡슐 1개,개당 수량: 200캡슐 | 수량: 2개,46580,0,46580,"배송비
무료",G마켓,2025-08-29 17:49:18
https://search.shopping.naver.com/catalog/51929493004,NOW04753,"2배 강도 밀크 시슬 추출물,  300mg, 베지 캡슐 200정",나우푸드 실리마린 밀크씨슬 300mg x 200캡슐 1개,개당 수량: 200캡슐 | 수량: 3개,71690,0,71690,"배송비
무료",11번가,2025-08-29 17:49:23
https://search.shopping.naver.com/catalog/51929493004,NOW04753,"2배 강도 밀크 시슬 추출물,  300mg, 베지 캡슐 200정",나우푸드 실리마린 밀크씨슬 300mg x 200캡슐 1개,개당 수량: 200캡슐 | 수량: 4개,94200,0,94200,"배송비
무료",11번가,2025-08-29 17:49:29
https://search.shopping.naver.com/catalog/51929493004,NOW04753,"2배 강도 밀크 시슬 추출물,  300mg, 베지 캡슐 200정",나우푸드 실리마린 밀크씨슬 300mg x 200캡슐 1개,개당 수량: 200캡슐 | 수량: 5개,163900,18900,182800,"배송비
18,900원 포함",헬씨파워,2025-08-29 17:49:34
https://search.shopping.naver.com/catalog/51929493004,NOW04753,"2배 강도 밀크 시슬 추출물,  300mg, 베지 캡슐 200정",나우푸드 실리마린 밀크씨슬 300mg x 200캡슐 1개,개당 수량: 200캡슐 | 수량: 6개,138800,0,138800,"배송비
무료",G마켓,2025-08-29 17:49:39
https://search.shopping.naver.com/catalog/35322558619,CGN01065,"비타민D3, 125mcg(5,000IU), 피쉬 젤라틴 소프트젤 90정",캘리포니아골드뉴트리션 비타민D3 5000IU 90캡슐,상품구성: 1개,8000,0,8000,"배송비
무료",비타케어365,2025-08-29 17:49:53
https://search.shopping.naver.com/catalog/35322558619,CGN01065,"비타민D3, 125mcg(5,000IU), 피쉬 젤라틴 소프트젤 90정",캘리포니아골드뉴트리션 비타민D3 5000IU 90캡슐,상품구성: 2개,15710,4500,20210,"배송비
4,500원 포함",아이허브 공식스토어,2025-08-29 17:49:57
https://search.shopping.naver.com/catalog/35322558619,CGN01065,"비타민D3, 125mcg(5,000IU), 피쉬 젤라틴 소프트젤 90정",캘리포니아골드뉴트리션 비타민D3 5000IU 90캡슐,상품구성: 3개,21320,4500,25820,"배송비
4,500원 포함",아이허브 공식스토어,2025-08-29 17:50:01
https://search.shopping.naver.com/catalog/35322558619,CGN01065,"비타민D3, 125mcg(5,000IU), 피쉬 젤라틴 소프트젤 90정",캘리포니아골드뉴트리션 비타민D3 5000IU 90캡슐,상품구성: 4개,28400,9900,38300,"배송비
9,900원 포함",HYSHOP,2025-08-29 17:50:05
https://search.shopping.naver.com/catalog/35322558619,CGN01065,"비타민D3, 125mcg(5,000IU), 피쉬 젤라틴 소프트젤 90정",캘리포니아골드뉴트리션 비타민D3 5000IU 90캡슐,상품구성: 5개,52600,0,52600,"배송비
무료",11번가,2025-08-29 17:50:09
https://search.shopping.naver.com/catalog/35322558619,CGN01065,"비타민D3, 125mcg(5,000IU), 피쉬 젤라틴 소프트젤 90정",캘리포니아골드뉴트리션 비타민D3 5000IU 90캡슐,상품구성: 6개,56900,20000,76900,"배송비
20,000원 포함",쿠팡,2025-08-29 17:50:14
https://search.shopping.naver.com/catalog/53648562365,CGN00931,"Gold C, USP 등급 비타민C, 1,000mg, 베지 캡슐 60정",캘리포니아골드뉴트리션 골드C 1000mg x 60캡슐 1개,개당 수량: 60캡슐 | 수량: 1개,9430,4500,13930,"배송비
4,500원 포함",옥션,2025-08-29 17:50:30
https://search.shopping.naver.com/catalog/53648562365,CGN00931,"Gold C, USP 등급 비타민C, 1,000mg, 베지 캡슐 60정",캘리포니아골드뉴트리션 골드C 1000mg x 60캡슐 1개,개당 수량: 60캡슐 | 수량: 2개,15280,4500,19780,"배송비
4,500원 포함",옥션,2025-08-29 17:50:35
https://search.shopping.naver.com/catalog/53648562365,CGN00931,"Gold C, USP 등급 비타민C, 1,000mg, 베지 캡슐 60정",캘리포니아골드뉴트리션 골드C 1000mg x 60캡슐 1개,개당 수량: 60캡슐 | 수량: 3개,20670,4500,25170,"배송비
4,500원 포함",옥션,2025-08-29 17:50:41
https://search.shopping.naver.com/catalog/53648562365,CGN00931,"Gold C, USP 등급 비타민C, 1,000mg, 베지 캡슐 60정",캘리포니아골드뉴트리션 골드C 1000mg x 60캡슐 1개,개당 수량: 60캡슐 | 수량: 4개,29300,9900,39200,"배송비
9,900원 포함",리플레이스몰,2025-08-29 17:50:46
https://search.shopping.naver.com/catalog/53648562365,CGN00931,"Gold C, USP 등급 비타민C, 1,000mg, 베지 캡슐 60정",캘리포니아골드뉴트리션 골드C 1000mg x 60캡슐 1개,개당 수량: 60캡슐 | 수량: 6개,46260,0,46260,"배송비
무료",템플러스,2025-08-29 17:50:51
https://search.shopping.naver.com/catalog/53648562365,CGN00931,"Gold C, USP 등급 비타민C, 1,000mg, 베지 캡슐 60정",캘리포니아골드뉴트리션 골드C 1000mg x 60캡슐 1개,개당 수량: 240캡슐 | 수량: 1개,22180,0,22180,"배송비
무료",11번가,2025-08-29 17:51:08
https://search.shopping.naver.com/catalog/53648562365,CGN00931,"Gold C, USP 등급 비타민C, 1,000mg, 베지 캡슐 60정",캘리포니아골드뉴트리션 골드C 1000mg x 60캡슐 1개,개당 수량: 240캡슐 | 수량: 2개,36080,0,36080,"배송비
무료",쿠팡,2025-08-29 17:51:13
https://search.shopping.naver.com/catalog/53648562365,CGN00931,"Gold C, USP 등급 비타민C, 1,000mg, 베지 캡슐 60정",캘리포니아골드뉴트리션 골드C 1000mg x 60캡슐 1개,개당 수량: 240캡슐 | 수량: 3개,62900,0,62900,"배송비
무료",클라우드:캐빈,2025-08-29 17:51:18
https://search.shopping.naver.com/catalog/51929502201,DRB00097,옵티MSM 함유 1500mg 120정 OptiMSM 식이유황,닥터스베스트 MSM 타블렛 1500mg x 120정 1개,개당 수량: 120정 | 수량: 1개,9800,0,9800,"배송비
무료",로스스토어,2025-08-29 17:51:36
https://search.shopping.naver.com/catalog/51929502201,DRB00097,옵티MSM 함유 1500mg 120정 OptiMSM 식이유황,닥터스베스트 MSM 타블렛 1500mg x 120정 1개,개당 수량: 120정 | 수량: 2개,24430,0,24430,"배송비
무료",나미의 다락방,2025-08-29 17:51:42
https://search.shopping.naver.com/catalog/51929502201,DRB00097,옵티MSM 함유 1500mg 120정 OptiMSM 식이유황,닥터스베스트 MSM 타블렛 1500mg x 120정 1개,개당 수량: 120정 | 수량: 3개,34900,0,34900,"배송비
무료",나무글로벌,2025-08-29 17:51:47
https://search.shopping.naver.com/catalog/51929502201,DRB00097,옵티MSM 함유 1500mg 120정 OptiMSM 식이유황,닥터스베스트 MSM 타블렛 1500mg x 120정 1개,개당 수량: 120정 | 수량: 4개,47900,9900,57800,"배송비
9,900원 포함",밀리야드웨이브,2025-08-29 17:51:52
https://search.shopping.naver.com/catalog/51929502201,DRB00097,옵티MSM 함유 1500mg 120정 OptiMSM 식이유황,닥터스베스트 MSM 타블렛 1500mg x 120정 1개,개당 수량: 120정 | 수량: 5개,69990,0,69990,"배송비
무료",11번가,2025-08-29 17:51:57
https://search.shopping.naver.com/catalog/51929502201,DRB00097,옵티MSM 함유 1500mg 120정 OptiMSM 식이유황,닥터스베스트 MSM 타블렛 1500mg x 120정 1개,개당 수량: 120정 | 수량: 6개,71340,0,71340,"배송비
무료",옥션,2025-08-29 17:52:02
https://search.shopping.naver.com/catalog/53548645758,DRB00025,"고흡수 마그네슘, 200mg(1정당 100mg), 120정",닥터스베스트 고흡수 마그네슘 100mg x 120정 1개,개당 수량: 120정 | 수량: 1개,10100,0,10100,"배송비
무료",로스스토어,2025-08-29 17:52:18
https://search.shopping.naver.com/catalog/53548645758,DRB00025,"고흡수 마그네슘, 200mg(1정당 100mg), 120정",닥터스베스트 고흡수 마그네슘 100mg x 120정 1개,개당 수량: 120정 | 수량: 2개,25900,15000,40900,"배송비
15,000원 포함",쿠팡,2025-08-29 17:52:24
https://search.shopping.naver.com/catalog/53548645758,DRB00025,"고흡수 마그네슘, 200mg(1정당 100mg), 120정",닥터스베스트 고흡수 마그네슘 100mg x 120정 1개,개당 수량: 120정 | 수량: 3개,37600,17000,54600,"배송비
17,000원 포함",쿠팡,2025-08-29 17:52:29
https://search.shopping.naver.com/catalog/53548645758,DRB00025,"고흡수 마그네슘, 200mg(1정당 100mg), 120정",닥터스베스트 고흡수 마그네슘 100mg x 120정 1개,개당 수량: 120정 | 수량: 4개,45900,20000,65900,"배송비
20,000원 포함",쿠팡,2025-08-29 17:52:34
https://search.shopping.naver.com/catalog/53548645758,DRB00025,"고흡수 마그네슘, 200mg(1정당 100mg), 120정",닥터스베스트 고흡수 마그네슘 100mg x 120정 1개,개당 수량: 240정 | 수량: 1개,19620,0,19620,"배송비
무료",비타케어365,2025-08-29 17:52:51
https://search.shopping.naver.com/catalog/53548645758,DRB00025,"고흡수 마그네슘, 200mg(1정당 100mg), 120정",닥터스베스트 고흡수 마그네슘 100mg x 120정 1개,개당 수량: 240정 | 수량: 2개,36620,0,36620,"배송비
무료",비타케어365,2025-08-29 17:52:56
https://search.shopping.naver.com/catalog/53548645758,DRB00025,"고흡수 마그네슘, 200mg(1정당 100mg), 120정",닥터스베스트 고흡수 마그네슘 100mg x 120정 1개,개당 수량: 240정 | 수량: 3개,55000,0,55000,"배송비
무료",비타케어365,2025-08-29 17:53:01
https://search.shopping.naver.com/catalog/53548645758,DRB00025,"고흡수 마그네슘, 200mg(1정당 100mg), 120정",닥터스베스트 고흡수 마그네슘 100mg x 120정 1개,개당 수량: 240정 | 수량: 4개,89200,0,89200,"배송비
무료",올스케어,2025-08-29 17:53:06
https://search.shopping.naver.com/catalog/53548645758,DRB00025,"고흡수 마그네슘, 200mg(1정당 100mg), 120정",닥터스베스트 고흡수 마그네슘 100mg x 120정 1개,개당 수량: 240정 | 수량: 5개,137000,20000,157000,"배송비
20,000원 포함",쿠팡,2025-08-29 17:53:11
https://search.shopping.naver.com/catalog/53548645758,DRB00025,"고흡수 마그네슘, 200mg(1정당 100mg), 120정",닥터스베스트 고흡수 마그네슘 100mg x 120정 1개,개당 수량: 240정 | 수량: 6개,164600,0,164600,"배송비
무료",쿠팡,2025-08-29 17:53:16
https://search.shopping.naver.com/catalog/53549707369,NOW00035,L-아르기닌 더블 스트렝스 1000mg 120정,나우푸드 L-아르기닌 1000mg x 120정 1개,개당 수량: 120정 | 수량: 1개,20030,0,20030,"배송비
무료",사가람,2025-08-29 17:53:33
https://search.shopping.naver.com/catalog/53549707369,NOW00035,L-아르기닌 더블 스트렝스 1000mg 120정,나우푸드 L-아르기닌 1000mg x 120정 1개,개당 수량: 120정 | 수량: 2개,38800,0,38800,"배송비
무료",2simple,2025-08-29 17:53:39
https://search.shopping.naver.com/catalog/53549707369,NOW00035,L-아르기닌 더블 스트렝스 1000mg 120정,나우푸드 L-아르기닌 1000mg x 120정 1개,개당 수량: 120정 | 수량: 3개,52700,0,52700,"배송비
무료",쿠팡,2025-08-29 17:53:44
https://search.shopping.naver.com/catalog/53549707369,NOW00035,L-아르기닌 더블 스트렝스 1000mg 120정,나우푸드 L-아르기닌 1000mg x 120정 1개,개당 수량: 120정 | 수량: 4개,81000,0,81000,"배송비
무료",Besthall,2025-08-29 17:53:49
https://search.shopping.naver.com/catalog/53549707369,NOW00035,L-아르기닌 더블 스트렝스 1000mg 120정,나우푸드 L-아르기닌 1000mg x 120정 1개,개당 수량: 120정 | 수량: 5개,99300,0,99300,"배송비
무료",Besthall,2025-08-29 17:53:54
https://search.shopping.naver.com/catalog/53549707369,NOW00035,L-아르기닌 더블 스트렝스 1000mg 120정,나우푸드 L-아르기닌 1000mg x 120정 1개,개당 수량: 120정 | 수량: 6개,104720,0,104720,"배송비
무료",G마켓,2025-08-29 17:53:59
https://search.shopping.naver.com/catalog/35417697618,NFS03543,"WellBetX, 베르베린, 베지 캡슐 120정(캡슐 1정당 500mg)",네추럴팩터스 베르베린 120캡슐,상품구성: 1개,28000,0,28000,"배송비
무료",그리너리 스토어,2025-08-29 17:54:12
https://search.shopping.naver.com/catalog/35417697618,NFS03543,"WellBetX, 베르베린, 베지 캡슐 120정(캡슐 1정당 500mg)",네추럴팩터스 베르베린 120캡슐,상품구성: 2개,53940,20000,73940,"배송비
20,000원 포함",쿠팡,2025-08-29 17:54:16
https://search.shopping.naver.com/catalog/35417697618,NFS03543,"WellBetX, 베르베린, 베지 캡슐 120정(캡슐 1정당 500mg)",네추럴팩터스 베르베린 120캡슐,상품구성: 3개,88420,9900,98320,"배송비
9,900원 포함",에덴웰니스,2025-08-29 17:54:20
https://search.shopping.naver.com/catalog/35417697618,NFS03543,"WellBetX, 베르베린, 베지 캡슐 120정(캡슐 1정당 500mg)",네추럴팩터스 베르베린 120캡슐,상품구성: 4개,0,0,0,가격 정보 없음,쇼핑몰 정보 없음,2025-08-29 17:54:24
https://search.shopping.naver.com/catalog/53546501870,DRB00183,바이오페린 고흡수 코큐텐 100mg 120소프트젤,닥터스베스트 고흡수 코엔자임 Q10 바이오페린 100mg x 120캡 1개,개당 수량: 120캡슐 | 수량: 1개,18490,0,18490,"배송비
무료",세이브비타,2025-08-29 17:54:42
https://search.shopping.naver.com/catalog/53546501870,DRB00183,바이오페린 고흡수 코큐텐 100mg 120소프트젤,닥터스베스트 고흡수 코엔자임 Q10 바이오페린 100mg x 120캡 1개,개당 수량: 120캡슐 | 수량: 2개,36880,0,36880,"배송비
무료",비타케어365,2025-08-29 17:54:47
https://search.shopping.naver.com/catalog/53546501870,DRB00183,바이오페린 고흡수 코큐텐 100mg 120소프트젤,닥터스베스트 고흡수 코엔자임 Q10 바이오페린 100mg x 120캡 1개,개당 수량: 120캡슐 | 수량: 3개,59890,0,59890,"배송비
무료",세이브비타,2025-08-29 17:54:52
https://search.shopping.naver.com/catalog/53546501870,DRB00183,바이오페린 고흡수 코큐텐 100mg 120소프트젤,닥터스베스트 고흡수 코엔자임 Q10 바이오페린 100mg x 120캡 1개,개당 수량: 120캡슐 | 수량: 4개,102790,0,102790,"배송비
무료",롯데ON,2025-08-29 17:54:58
https://search.shopping.naver.com/catalog/53546501870,DRB00183,바이오페린 고흡수 코큐텐 100mg 120소프트젤,닥터스베스트 고흡수 코엔자임 Q10 바이오페린 100mg x 120캡 1개,개당 수량: 120캡슐 | 수량: 5개,169000,0,169000,"배송비
무료",쿠팡,2025-08-29 17:55:03
https://search.shopping.naver.com/catalog/53546501870,DRB00183,바이오페린 고흡수 코큐텐 100mg 120소프트젤,닥터스베스트 고흡수 코엔자임 Q10 바이오페린 100mg x 120캡 1개,개당 수량: 120캡슐 | 수량: 6개,167900,0,167900,"배송비
무료",줄투와트,2025-08-29 17:55:08
https://search.shopping.naver.com/catalog/35364009620,CGN01104,CGN 아스타잔틴4개월분 순수아이슬란드산12mg 120소프트젤,캘리포니아골드뉴트리션 아스타잔틴 120캡슐,상품구성: 1개,41600,0,41600,"배송비
무료",11번가,2025-08-29 17:55:20
https://search.shopping.naver.com/catalog/35364009620,CGN01104,CGN 아스타잔틴4개월분 순수아이슬란드산12mg 120소프트젤,캘리포니아골드뉴트리션 아스타잔틴 120캡슐,상품구성: 2개,109900,0,109900,"배송비
무료",비타데이즈,2025-08-29 17:55:24
https://search.shopping.naver.com/catalog/35364009620,CGN01104,CGN 아스타잔틴4개월분 순수아이슬란드산12mg 120소프트젤,캘리포니아골드뉴트리션 아스타잔틴 120캡슐,상품구성: 3개,138400,9900,148300,"배송비
9,900원 포함",우리의직구,2025-08-29 17:55:28
https://search.shopping.naver.com/catalog/53531346354,CGN00956,CGN 실리마린 컴플렉스 밀크씨슬 300mg 120베지캡슐,캘리포니아골드뉴트리션 실리마린 300mg x 120캡슐 1개,개당 수량: 120캡슐 | 수량: 1개,18340,0,18340,"배송비
무료",비타민해외직구,2025-08-29 17:55:44
https://search.shopping.naver.com/catalog/53531346354,CGN00956,CGN 실리마린 컴플렉스 밀크씨슬 300mg 120베지캡슐,캘리포니아골드뉴트리션 실리마린 300mg x 120캡슐 1개,개당 수량: 120캡슐 | 수량: 2개,32440,4500,36940,"배송비
4,500원 포함",비타민해외직구,2025-08-29 17:55:50
https://search.shopping.naver.com/catalog/53531346354,CGN00956,CGN 실리마린 컴플렉스 밀크씨슬 300mg 120베지캡슐,캘리포니아골드뉴트리션 실리마린 300mg x 120캡슐 1개,개당 수량: 120캡슐 | 수량: 3개,60000,0,60000,"배송비
무료",핫딜은랑샵,2025-08-29 17:55:55
https://search.shopping.naver.com/catalog/51929279795,CGN01033,CGN 콜라겐업 히알루론산 비타민C 파우더 무향 206g,캘리포니아골드뉴트리션 콜라겐업 206g 1개,용량: 206g | 수량: 1개,22000,0,22000,"배송비
무료",비타케어365,2025-08-29 17:56:11
https://search.shopping.naver.com/catalog/51929279795,CGN01033,CGN 콜라겐업 히알루론산 비타민C 파우더 무향 206g,캘리포니아골드뉴트리션 콜라겐업 206g 1개,용량: 206g | 수량: 2개,36330,0,36330,"배송비
무료",옥션,2025-08-29 17:56:17
https://search.shopping.naver.com/catalog/51929279795,CGN01033,CGN 콜라겐업 히알루론산 비타민C 파우더 무향 206g,캘리포니아골드뉴트리션 콜라겐업 206g 1개,용량: 206g | 수량: 3개,49670,0,49670,"배송비
무료",옥션,2025-08-29 17:56:22
https://search.shopping.naver.com/catalog/51929279795,CGN01033,CGN 콜라겐업 히알루론산 비타민C 파우더 무향 206g,캘리포니아골드뉴트리션 콜라겐업 206g 1개,용량: 206g | 수량: 4개,106990,10000,116990,"배송비
10,000원 포함",쿠팡,2025-08-29 17:56:27
https://search.shopping.naver.com/catalog/51929279795,CGN01033,CGN 콜라겐업 히알루론산 비타민C 파우더 무향 206g,캘리포니아골드뉴트리션 콜라겐업 206g 1개,용량: 464g | 수량: 1개,35590,0,35590,"배송비
무료",옥션,2025-08-29 17:56:44
https://search.shopping.naver.com/catalog/51929279795,CGN01033,CGN 콜라겐업 히알루론산 비타민C 파우더 무향 206g,캘리포니아골드뉴트리션 콜라겐업 206g 1개,용량: 464g | 수량: 2개,70270,0,70270,"배송비
무료",옥션,2025-08-29 17:56:49
https://search.shopping.naver.com/catalog/51929279795,CGN01033,CGN 콜라겐업 히알루론산 비타민C 파우더 무향 206g,캘리포니아골드뉴트리션 콜라겐업 206g 1개,용량: 464g | 수량: 3개,116760,0,116760,"배송비
무료",옥션,2025-08-29 17:56:54
https://search.shopping.naver.com/catalog/51929279795,CGN01033,CGN 콜라겐업 히알루론산 비타민C 파우더 무향 206g,캘리포니아골드뉴트리션 콜라겐업 206g 1개,용량: 464g | 수량: 4개,139400,0,139400,"배송비
무료",G마켓,2025-08-29 17:56:59
https://search.shopping.naver.com/catalog/51929279795,CGN01033,CGN 콜라겐업 히알루론산 비타민C 파우더 무향 206g,캘리포니아골드뉴트리션 콜라겐업 206g 1개,용량: 464g | 수량: 6개,239000,0,239000,"배송비
무료",헬스머니,2025-08-29 17:57:05
https://search.shopping.naver.com/catalog/54367684736,CGN00946,"꿀벌 프로폴리스 2X, 농축 추출물, 500mg, 베지 캡슐 240정",캘리포니아골드뉴트리션 꿀벌 프로폴리스 2X 240캡슐,기본 구성,0,0,0,가격 정보 없음,쇼핑몰 정보 없음,2025-08-29 17:57:15
https://search.shopping.naver.com/catalog/53547120084,SRE01183,"오메가3 피쉬 오일, 3배 강도, 소프트젤 90정",스포츠리서치 트리플 스트렝스 피쉬 오일 90정 1개,개당 수량: 30정 | 수량: 1개,23590,100,23690,"배송비
100원 포함",하늘 마켓,2025-08-29 17:57:33
https://search.shopping.naver.com/catalog/53547120084,SRE01183,"오메가3 피쉬 오일, 3배 강도, 소프트젤 90정",스포츠리서치 트리플 스트렝스 피쉬 오일 90정 1개,개당 수량: 30정 | 수량: 2개,42700,0,42700,"배송비
무료",다있죠글로벌몰,2025-08-29 17:57:39
https://search.shopping.naver.com/catalog/53547120084,SRE01183,"오메가3 피쉬 오일, 3배 강도, 소프트젤 90정",스포츠리서치 트리플 스트렝스 피쉬 오일 90정 1개,개당 수량: 30정 | 수량: 3개,39800,9900,49700,"배송비
9,900원 포함",진심비타민,2025-08-29 17:57:44
https://search.shopping.naver.com/catalog/53547120084,SRE01183,"오메가3 피쉬 오일, 3배 강도, 소프트젤 90정",스포츠리서치 트리플 스트렝스 피쉬 오일 90정 1개,개당 수량: 30정 | 수량: 4개,78250,0,78250,"배송비
무료",알파카상점,2025-08-29 17:57:49
https://search.shopping.naver.com/catalog/53547120084,SRE01183,"오메가3 피쉬 오일, 3배 강도, 소프트젤 90정",스포츠리서치 트리플 스트렝스 피쉬 오일 90정 1개,개당 수량: 30정 | 수량: 6개,105500,5000,110500,"배송비
5,000원 포함",쿠팡,2025-08-29 17:57:54
https://search.shopping.naver.com/catalog/53547120084,SRE01183,"오메가3 피쉬 오일, 3배 강도, 소프트젤 90정",스포츠리서치 트리플 스트렝스 피쉬 오일 90정 1개,개당 수량: 90정 | 수량: 1개,30900,0,30900,"배송비
무료",착한농부 스토어,2025-08-29 17:58:10
https://search.shopping.naver.com/catalog/53547120084,SRE01183,"오메가3 피쉬 오일, 3배 강도, 소프트젤 90정",스포츠리서치 트리플 스트렝스 피쉬 오일 90정 1개,개당 수량: 90정 | 수량: 2개,56690,0,56690,"배송비
무료",롯데ON,2025-08-29 17:58:16
https://search.shopping.naver.com/catalog/53547120084,SRE01183,"오메가3 피쉬 오일, 3배 강도, 소프트젤 90정",스포츠리서치 트리플 스트렝스 피쉬 오일 90정 1개,개당 수량: 90정 | 수량: 3개,80990,0,80990,"배송비
무료",롯데ON,2025-08-29 17:58:21
https://search.shopping.naver.com/catalog/53547120084,SRE01183,"오메가3 피쉬 오일, 3배 강도, 소프트젤 90정",스포츠리서치 트리플 스트렝스 피쉬 오일 90정 1개,개당 수량: 90정 | 수량: 4개,107990,0,107990,"배송비
무료",롯데ON,2025-08-29 17:58:26
https://search.shopping.naver.com/catalog/35341723619,CGN01179,"비타민D3, 50mcg(2,000IU), 피쉬 젤라틴 소프트젤 90정",캘리포니아골드뉴트리션 비타민D3 2000IU 90캡슐,상품구성: 1개,9110,4500,13610,"배송비
4,500원 포함",옥션,2025-08-29 17:58:40
https://search.shopping.naver.com/catalog/35341723619,CGN01179,"비타민D3, 50mcg(2,000IU), 피쉬 젤라틴 소프트젤 90정",캘리포니아골드뉴트리션 비타민D3 2000IU 90캡슐,상품구성: 2개,14580,4500,19080,"배송비
4,500원 포함",옥션,2025-08-29 17:58:44
https://search.shopping.naver.com/catalog/35341723619,CGN01179,"비타민D3, 50mcg(2,000IU), 피쉬 젤라틴 소프트젤 90정",캘리포니아골드뉴트리션 비타민D3 2000IU 90캡슐,상품구성: 3개,19190,4500,23690,"배송비
4,500원 포함",옥션,2025-08-29 17:58:48
https://search.shopping.naver.com/catalog/35341723619,CGN01179,"비타민D3, 50mcg(2,000IU), 피쉬 젤라틴 소프트젤 90정",캘리포니아골드뉴트리션 비타민D3 2000IU 90캡슐,상품구성: 4개,24120,4500,28620,"배송비
4,500원 포함",옥션,2025-08-29 17:58:52
https://search.shopping.naver.com/catalog/35341723619,CGN01179,"비타민D3, 50mcg(2,000IU), 피쉬 젤라틴 소프트젤 90정",캘리포니아골드뉴트리션 비타민D3 2000IU 90캡슐,상품구성: 6개,29750,0,29750,"배송비
무료",옥션,2025-08-29 17:58:56
https://search.shopping.naver.com/catalog/53547014807,SRE09153,오메가3 피쉬 오일 3배 강도 소프트젤 180정,오메가3 피쉬오일 1250mg x 180정 1개,개당 수량: 180정 | 수량: 1개,55340,0,55340,"배송비
무료",롯데ON,2025-08-29 17:59:13
https://search.shopping.naver.com/catalog/53547014807,SRE09153,오메가3 피쉬 오일 3배 강도 소프트젤 180정,오메가3 피쉬오일 1250mg x 180정 1개,개당 수량: 180정 | 수량: 2개,103490,0,103490,"배송비
무료",롯데ON,2025-08-29 17:59:18
https://search.shopping.naver.com/catalog/53547014807,SRE09153,오메가3 피쉬 오일 3배 강도 소프트젤 180정,오메가3 피쉬오일 1250mg x 180정 1개,개당 수량: 180정 | 수량: 3개,152990,0,152990,"배송비
무료",롯데ON,2025-08-29 17:59:23
https://search.shopping.naver.com/catalog/53547014807,SRE09153,오메가3 피쉬 오일 3배 강도 소프트젤 180정,오메가3 피쉬오일 1250mg x 180정 1개,개당 수량: 180정 | 수량: 4개,193490,0,193490,"배송비
무료",롯데ON,2025-08-29 17:59:28
https://search.shopping.naver.com/catalog/53547025308,CGN01251,오메가800 피쉬오일 EPA/DHA 800mg 30젤,캘리포니아골드뉴트리션 오메가3 800 100mg x 30캡슐 1개,개당 수량: 30캡슐 | 수량: 1개,13500,0,13500,"배송비
무료",비타케어365,2025-08-29 17:59:45
https://search.shopping.naver.com/catalog/53547025308,CGN01251,오메가800 피쉬오일 EPA/DHA 800mg 30젤,캘리포니아골드뉴트리션 오메가3 800 100mg x 30캡슐 1개,개당 수량: 30캡슐 | 수량: 2개,26090,4500,30590,"배송비
4,500원 포함",옥션,2025-08-29 17:59:50
https://search.shopping.naver.com/catalog/53547025308,CGN01251,오메가800 피쉬오일 EPA/DHA 800mg 30젤,캘리포니아골드뉴트리션 오메가3 800 100mg x 30캡슐 1개,개당 수량: 30캡슐 | 수량: 3개,31440,0,31440,"배송비
무료",옥션,2025-08-29 17:59:55
https://search.shopping.naver.com/catalog/53547025308,CGN01251,오메가800 피쉬오일 EPA/DHA 800mg 30젤,캘리포니아골드뉴트리션 오메가3 800 100mg x 30캡슐 1개,개당 수량: 30캡슐 | 수량: 4개,31440,0,31440,"배송비
무료",옥션,2025-08-29 18:00:01
https://search.shopping.naver.com/catalog/53547025308,CGN01251,오메가800 피쉬오일 EPA/DHA 800mg 30젤,캘리포니아골드뉴트리션 오메가3 800 100mg x 30캡슐 1개,개당 수량: 30캡슐 | 수량: 6개,63800,9900,73700,"배송비
9,900원 포함",티티엑스,2025-08-29 18:00:06
https://search.shopping.naver.com/catalog/53547025308,CGN01251,오메가800 피쉬오일 EPA/DHA 800mg 30젤,캘리포니아골드뉴트리션 오메가3 800 100mg x 30캡슐 1개,개당 수량: 90캡슐 | 수량: 1개,29890,0,29890,"배송비
무료",비타케어365,2025-08-29 18:00:23
https://search.shopping.naver.com/catalog/53547025308,CGN01251,오메가800 피쉬오일 EPA/DHA 800mg 30젤,캘리포니아골드뉴트리션 오메가3 800 100mg x 30캡슐 1개,개당 수량: 90캡슐 | 수량: 2개,59990,0,59990,"배송비
무료",W.wanted,2025-08-29 18:00:28
https://search.shopping.naver.com/catalog/53547025308,CGN01251,오메가800 피쉬오일 EPA/DHA 800mg 30젤,캘리포니아골드뉴트리션 오메가3 800 100mg x 30캡슐 1개,개당 수량: 90캡슐 | 수량: 3개,87500,0,87500,"배송비
무료",W.wanted,2025-08-29 18:00:33
https://search.shopping.naver.com/catalog/53547025308,CGN01251,오메가800 피쉬오일 EPA/DHA 800mg 30젤,캘리포니아골드뉴트리션 오메가3 800 100mg x 30캡슐 1개,개당 수량: 90캡슐 | 수량: 4개,105490,40000,145490,"배송비
40,000원 포함",슈잘나,2025-08-29 18:00:38
https://search.shopping.naver.com/catalog/53547025308,CGN01251,오메가800 피쉬오일 EPA/DHA 800mg 30젤,캘리포니아골드뉴트리션 오메가3 800 100mg x 30캡슐 1개,개당 수량: 90캡슐 | 수량: 5개,156900,0,156900,"배송비
무료",비타바이옴,2025-08-29 18:00:43
https://search.shopping.naver.com/catalog/53547025308,CGN01251,오메가800 피쉬오일 EPA/DHA 800mg 30젤,캘리포니아골드뉴트리션 오메가3 800 100mg x 30캡슐 1개,개당 수량: 90캡슐 | 수량: 6개,106500,0,106500,"배송비
무료",롯데ON,2025-08-29 18:00:48
https://search.shopping.naver.com/catalog/35410814619,NWY12285,Natures Way 어린이용 삼부커스 엘더베리 60구미,네이쳐스웨이 어린이용 삼부커스 표준화 엘더베리 구미젤리 60개,상품구성: 1개,22340,6300,28640,"배송비
6,300원 포함",티멕스,2025-08-29 18:01:01
https://search.shopping.naver.com/catalog/35410814619,NWY12285,Natures Way 어린이용 삼부커스 엘더베리 60구미,네이쳐스웨이 어린이용 삼부커스 표준화 엘더베리 구미젤리 60개,상품구성: 2개,43300,0,43300,"배송비
무료",쿠팡,2025-08-29 18:01:05
https://search.shopping.naver.com/catalog/35410814619,NWY12285,Natures Way 어린이용 삼부커스 엘더베리 60구미,네이쳐스웨이 어린이용 삼부커스 표준화 엘더베리 구미젤리 60개,상품구성: 3개,0,0,0,가격 정보 없음,쇼핑몰 정보 없음,2025-08-29 18:01:09
https://search.shopping.naver.com/catalog/35410814619,NWY12285,Natures Way 어린이용 삼부커스 엘더베리 60구미,네이쳐스웨이 어린이용 삼부커스 표준화 엘더베리 구미젤리 60개,상품구성: 4개,0,0,0,가격 정보 없음,쇼핑몰 정보 없음,2025-08-29 18:01:12
https://search.shopping.naver.com/catalog/35346002621,CGN01180,비타민D3 50mcg(2000IU)피쉬젤라틴 소프트젤 360정,캘리포니아골드뉴트리션 비타민D3 2000IU 360캡슐,상품구성: 1개,17230,4500,21730,"배송비
4,500원 포함",옥션,2025-08-29 18:01:24
https://search.shopping.naver.com/catalog/35346002621,CGN01180,비타민D3 50mcg(2000IU)피쉬젤라틴 소프트젤 360정,캘리포니아골드뉴트리션 비타민D3 2000IU 360캡슐,상품구성: 2개,32210,4500,36710,"배송비
4,500원 포함",옥션,2025-08-29 18:01:28
https://search.shopping.naver.com/catalog/35346002621,CGN01180,비타민D3 50mcg(2000IU)피쉬젤라틴 소프트젤 360정,캘리포니아골드뉴트리션 비타민D3 2000IU 360캡슐,상품구성: 3개,41470,0,41470,"배송비
무료",옥션,2025-08-29 18:01:32
https://search.shopping.naver.com/catalog/48094808618,LEX17271,"비타민K2 함유 본 리스토어, 캡슐 120정",라이프익스텐션 본 리스토어 캡슐 120정,상품구성: 1개,16380,0,16380,"배송비
무료",더블루블랑,2025-08-29 18:01:44
https://search.shopping.naver.com/catalog/48094808618,LEX17271,"비타민K2 함유 본 리스토어, 캡슐 120정",라이프익스텐션 본 리스토어 캡슐 120정,상품구성: 2개,36100,0,36100,"배송비
무료",뉴트리픽,2025-08-29 18:01:49
https://search.shopping.naver.com/catalog/48094808618,LEX17271,"비타민K2 함유 본 리스토어, 캡슐 120정",라이프익스텐션 본 리스토어 캡슐 120정,상품구성: 3개,0,0,0,가격 정보 없음,쇼핑몰 정보 없음,2025-08-29 18:01:53
https://search.shopping.naver.com/catalog/48094808618,LEX17271,"비타민K2 함유 본 리스토어, 캡슐 120정",라이프익스텐션 본 리스토어 캡슐 120정,상품구성: 4개,0,0,0,가격 정보 없음,쇼핑몰 정보 없음,2025-08-29 18:01:55
https://search.shopping.naver.com/catalog/53599884003,CDL10900,"비타민D3,  베리맛, 30ml (1fl oz)",차일드라이프 비타민D3 천연 베리맛 30ml 1개,용량: 30ml | 수량: 1개,10000,5000,15000,"배송비
5,000원 포함",쿠팡,2025-08-29 18:02:11
https://search.shopping.naver.com/catalog/53599884003,CDL10900,"비타민D3,  베리맛, 30ml (1fl oz)",차일드라이프 비타민D3 천연 베리맛 30ml 1개,용량: 30ml | 수량: 2개,27040,0,27040,"배송비
무료",롯데ON,2025-08-29 18:02:17
https://search.shopping.naver.com/catalog/53599884003,CDL10900,"비타민D3,  베리맛, 30ml (1fl oz)",차일드라이프 비타민D3 천연 베리맛 30ml 1개,용량: 30ml | 수량: 3개,36050,0,36050,"배송비
무료",옥션,2025-08-29 18:02:22
https://search.shopping.naver.com/catalog/53599884003,CDL10900,"비타민D3,  베리맛, 30ml (1fl oz)",차일드라이프 비타민D3 천연 베리맛 30ml 1개,용량: 30ml | 수량: 4개,55600,0,55600,"배송비
무료",인생아이템,2025-08-29 18:02:27
https://search.shopping.naver.com/catalog/53599884003,CDL10900,"비타민D3,  베리맛, 30ml (1fl oz)",차일드라이프 비타민D3 천연 베리맛 30ml 1개,용량: 30ml | 수량: 5개,66200,0,66200,"배송비
무료",인생아이템,2025-08-29 18:02:32
https://search.shopping.naver.com/catalog/53599884003,CDL10900,"비타민D3,  베리맛, 30ml (1fl oz)",차일드라이프 비타민D3 천연 베리맛 30ml 1개,용량: 30ml | 수량: 6개,79200,0,79200,"배송비
무료",인생아이템,2025-08-29 18:02:37
https://search.shopping.naver.com/catalog/35325269618,CEN22263,"칼슘 마그네슘 아연 + D3, 90정",21세기센트리 칼슘 마그네슘 아연 D3 90정,상품구성: 1개,8800,0,8800,"배송비
무료",TAERIM,2025-08-29 18:02:50
https://search.shopping.naver.com/catalog/35325269618,CEN22263,"칼슘 마그네슘 아연 + D3, 90정",21세기센트리 칼슘 마그네슘 아연 D3 90정,상품구성: 2개,0,0,0,가격 정보 없음,쇼핑몰 정보 없음,2025-08-29 18:02:54
https://search.shopping.naver.com/catalog/35325269618,CEN22263,"칼슘 마그네슘 아연 + D3, 90정",21세기센트리 칼슘 마그네슘 아연 D3 90정,상품구성: 3개,0,0,0,가격 정보 없음,쇼핑몰 정보 없음,2025-08-29 18:02:56
https://search.shopping.naver.com/catalog/35325269618,CEN22263,"칼슘 마그네슘 아연 + D3, 90정",21세기센트리 칼슘 마그네슘 아연 D3 90정,상품구성: 4개,0,0,0,가격 정보 없음,쇼핑몰 정보 없음,2025-08-29 18:02:58
https://search.shopping.naver.com/catalog/35325269618,CEN22263,"칼슘 마그네슘 아연 + D3, 90정",21세기센트리 칼슘 마그네슘 아연 D3 90정,상품구성: 5개,0,0,0,가격 정보 없음,쇼핑몰 정보 없음,2025-08-29 18:03:02
https://search.shopping.naver.com/catalog/35325269618,CEN22263,"칼슘 마그네슘 아연 + D3, 90정",21세기센트리 칼슘 마그네슘 아연 D3 90정,상품구성: 6개,0,0,0,가격 정보 없음,쇼핑몰 정보 없음,2025-08-29 18:03:06
https://search.shopping.naver.com/catalog/53957515104,BGA46015,프로텍티스 베이비드롭 아기유산균 비타민D 10ml,바이오가이아 프로텍티스 베이비드롭 비타민 D 함유 10ml 1개,용량: 10ml | 수량: 1개,33900,0,33900,"배송비
무료",굿 굿 즈,2025-08-29 18:03:23
https://search.shopping.naver.com/catalog/53957515104,BGA46015,프로텍티스 베이비드롭 아기유산균 비타민D 10ml,바이오가이아 프로텍티스 베이비드롭 비타민 D 함유 10ml 1개,용량: 10ml | 수량: 2개,55010,0,55010,"배송비
무료",옥션,2025-08-29 18:03:29
https://search.shopping.naver.com/catalog/53957515104,BGA46015,프로텍티스 베이비드롭 아기유산균 비타민D 10ml,바이오가이아 프로텍티스 베이비드롭 비타민 D 함유 10ml 1개,용량: 10ml | 수량: 3개,79050,0,79050,"배송비
무료",신세계몰,2025-08-29 18:03:34
https://search.shopping.naver.com/catalog/53957515104,BGA46015,프로텍티스 베이비드롭 아기유산균 비타민D 10ml,바이오가이아 프로텍티스 베이비드롭 비타민 D 함유 10ml 1개,용량: 10ml | 수량: 4개,109000,0,109000,"배송비
무료",신세계몰,2025-08-29 18:03:39
https://search.shopping.naver.com/catalog/53647987528,CGN01203,CGN 100% 분리유형단백질 다크 초콜릿 2.27kg 프로틴,"캘리포니아골드뉴트리션 웨이 프로틴 아이솔레이트 다크 초콜릿 2.27kg, 1개",맛: 오리지널 | 용량: 2.27kg,94720,0,94720,"배송비
무료",옥션,2025-08-29 18:03:59
https://search.shopping.naver.com/catalog/53647987528,CGN01203,CGN 100% 분리유형단백질 다크 초콜릿 2.27kg 프로틴,"캘리포니아골드뉴트리션 웨이 프로틴 아이솔레이트 다크 초콜릿 2.27kg, 1개",맛: 다크 초코 | 용량: 907g,51040,0,51040,"배송비
무료",아이허브 공식스토어,2025-08-29 18:04:15
https://search.shopping.naver.com/catalog/53647987528,CGN01203,CGN 100% 분리유형단백질 다크 초콜릿 2.27kg 프로틴,"캘리포니아골드뉴트리션 웨이 프로틴 아이솔레이트 다크 초콜릿 2.27kg, 1개",맛: 다크 초코 | 용량: 2.27kg,106500,0,106500,"배송비
무료",아이허브 공식스토어,2025-08-29 18:04:21
https://search.shopping.naver.com/catalog/53546566786,DRB00370,Doctors BEST 루테맥스2020 루테인 20mg 180소프트젤,닥터스베스트 루테인 20mg x 180정 1개,개당 수량: 60캡슐 | 수량: 1개,15350,0,15350,"배송비
무료",세이브비타,2025-08-29 18:04:39
https://search.shopping.naver.com/catalog/53546566786,DRB00370,Doctors BEST 루테맥스2020 루테인 20mg 180소프트젤,닥터스베스트 루테인 20mg x 180정 1개,개당 수량: 60캡슐 | 수량: 2개,30360,100,30460,"배송비
100원 포함",하늘 마켓,2025-08-29 18:04:45
https://search.shopping.naver.com/catalog/53546566786,DRB00370,Doctors BEST 루테맥스2020 루테인 20mg 180소프트젤,닥터스베스트 루테인 20mg x 180정 1개,개당 수량: 60캡슐 | 수량: 3개,40060,0,40060,"배송비
무료",TAERIM,2025-08-29 18:04:50
https://search.shopping.naver.com/catalog/53546566786,DRB00370,Doctors BEST 루테맥스2020 루테인 20mg 180소프트젤,닥터스베스트 루테인 20mg x 180정 1개,개당 수량: 60캡슐 | 수량: 4개,58120,100,58220,"배송비
100원 포함",하늘 마켓,2025-08-29 18:04:55
https://search.shopping.naver.com/catalog/53546566786,DRB00370,Doctors BEST 루테맥스2020 루테인 20mg 180소프트젤,닥터스베스트 루테인 20mg x 180정 1개,개당 수량: 120캡슐 | 수량: 1개,16890,0,16890,"배송비
무료",세이브비타,2025-08-29 18:05:12
https://search.shopping.naver.com/catalog/53546566786,DRB00370,Doctors BEST 루테맥스2020 루테인 20mg 180소프트젤,닥터스베스트 루테인 20mg x 180정 1개,개당 수량: 120캡슐 | 수량: 2개,37010,0,37010,"배송비
무료",헬로 유로,2025-08-29 18:05:18
https://search.shopping.naver.com/catalog/53546566786,DRB00370,Doctors BEST 루테맥스2020 루테인 20mg 180소프트젤,닥터스베스트 루테인 20mg x 180정 1개,개당 수량: 120캡슐 | 수량: 3개,53730,0,53730,"배송비
무료",아이허브 공식스토어,2025-08-29 18:05:23
https://search.shopping.naver.com/catalog/53546566786,DRB00370,Doctors BEST 루테맥스2020 루테인 20mg 180소프트젤,닥터스베스트 루테인 20mg x 180정 1개,개당 수량: 120캡슐 | 수량: 4개,70990,29900,100890,"배송비
29,900원 포함",강시2023,2025-08-29 18:05:28
https://search.shopping.naver.com/catalog/53546566786,DRB00370,Doctors BEST 루테맥스2020 루테인 20mg 180소프트젤,닥터스베스트 루테인 20mg x 180정 1개,개당 수량: 120캡슐 | 수량: 6개,137880,5000,142880,"배송비
5,000원 포함",엘로우프리지어2,2025-08-29 18:05:33
https://search.shopping.naver.com/catalog/53546566786,DRB00370,Doctors BEST 루테맥스2020 루테인 20mg 180소프트젤,닥터스베스트 루테인 20mg x 180정 1개,개당 수량: 180정 | 수량: 1개,29240,0,29240,"배송비
무료",쿠팡,2025-08-29 18:05:50
https://search.shopping.naver.com/catalog/53546566786,DRB00370,Doctors BEST 루테맥스2020 루테인 20mg 180소프트젤,닥터스베스트 루테인 20mg x 180정 1개,개당 수량: 180정 | 수량: 2개,56570,0,56570,"배송비
무료",쿠팡,2025-08-29 18:05:56
https://search.shopping.naver.com/catalog/53546566786,DRB00370,Doctors BEST 루테맥스2020 루테인 20mg 180소프트젤,닥터스베스트 루테인 20mg x 180정 1개,개당 수량: 180정 | 수량: 3개,96600,0,96600,"배송비
무료",G마켓,2025-08-29 18:06:01
https://search.shopping.naver.com/catalog/53546566786,DRB00370,Doctors BEST 루테맥스2020 루테인 20mg 180소프트젤,닥터스베스트 루테인 20mg x 180정 1개,개당 수량: 180정 | 수량: 4개,129240,0,129240,"배송비
무료",G마켓,2025-08-29 18:06:06
https://search.shopping.naver.com/catalog/53546566786,DRB00370,Doctors BEST 루테맥스2020 루테인 20mg 180소프트젤,닥터스베스트 루테인 20mg x 180정 1개,개당 수량: 180정 | 수량: 5개,198500,0,198500,"배송비
무료",해변의카프카,2025-08-29 18:06:11
https://search.shopping.naver.com/catalog/27733087522,NOW00475,"이노시톨 캡슐, 500mg, 베지 캡슐 100정",나우푸드 이노시톨 500mg 100캡슐,상품구성: 1개,8000,0,8000,"배송비
무료",로스스토어,2025-08-29 18:06:24
https://search.shopping.naver.com/catalog/27733087522,NOW00475,"이노시톨 캡슐, 500mg, 베지 캡슐 100정",나우푸드 이노시톨 500mg 100캡슐,상품구성: 2개,17400,5500,22900,"배송비
5,500원 포함",뉴트리앤헬스,2025-08-29 18:06:28
https://search.shopping.naver.com/catalog/27733087522,NOW00475,"이노시톨 캡슐, 500mg, 베지 캡슐 100정",나우푸드 이노시톨 500mg 100캡슐,상품구성: 3개,0,0,0,가격 정보 없음,쇼핑몰 정보 없음,2025-08-29 18:06:32
https://search.shopping.naver.com/catalog/27733087522,NOW00475,"이노시톨 캡슐, 500mg, 베지 캡슐 100정",나우푸드 이노시톨 500mg 100캡슐,상품구성: 4개,0,0,0,가격 정보 없음,쇼핑몰 정보 없음,2025-08-29 18:06:34
https://search.shopping.naver.com/catalog/27733087522,NOW00475,"이노시톨 캡슐, 500mg, 베지 캡슐 100정",나우푸드 이노시톨 500mg 100캡슐,상품구성: 5개,0,0,0,가격 정보 없음,쇼핑몰 정보 없음,2025-08-29 18:06:36
https://search.shopping.naver.com/catalog/27733087522,NOW00475,"이노시톨 캡슐, 500mg, 베지 캡슐 100정",나우푸드 이노시톨 500mg 100캡슐,상품구성: 6개,0,0,0,가격 정보 없음,쇼핑몰 정보 없음,2025-08-29 18:06:38
https://search.shopping.naver.com/catalog/53531532360,NOW02933,프로바이오틱-10 250억 베지 캡슐 100정,나우푸드 프로바이오틱-10 유산균 250억 160mg x 100캡슐 1개,개당 수량: 50캡슐 | 수량: 1개,23000,0,23000,"배송비
무료",주아네마트,2025-08-29 18:06:58
https://search.shopping.naver.com/catalog/53531532360,NOW02933,프로바이오틱-10 250억 베지 캡슐 100정,나우푸드 프로바이오틱-10 유산균 250억 160mg x 100캡슐 1개,개당 수량: 50캡슐 | 수량: 2개,38770,0,38770,"배송비
무료",웰기분wellgiven,2025-08-29 18:07:03
https://search.shopping.naver.com/catalog/53531532360,NOW02933,프로바이오틱-10 250억 베지 캡슐 100정,나우푸드 프로바이오틱-10 유산균 250억 160mg x 100캡슐 1개,개당 수량: 50캡슐 | 수량: 3개,55590,0,55590,"배송비
무료",아이허브 공식스토어,2025-08-29 18:07:09
https://search.shopping.naver.com/catalog/53531532360,NOW02933,프로바이오틱-10 250억 베지 캡슐 100정,나우푸드 프로바이오틱-10 유산균 250억 160mg x 100캡슐 1개,개당 수량: 100캡슐 | 수량: 1개,29350,0,29350,"배송비
무료",쿠팡,2025-08-29 18:07:25
https://search.shopping.naver.com/catalog/53531532360,NOW02933,프로바이오틱-10 250억 베지 캡슐 100정,나우푸드 프로바이오틱-10 유산균 250억 160mg x 100캡슐 1개,개당 수량: 100캡슐 | 수량: 2개,56020,0,56020,"배송비
무료",쿠팡,2025-08-29 18:07:31
https://search.shopping.naver.com/catalog/53531532360,NOW02933,프로바이오틱-10 250억 베지 캡슐 100정,나우푸드 프로바이오틱-10 유산균 250억 160mg x 100캡슐 1개,개당 수량: 100캡슐 | 수량: 3개,82750,0,82750,"배송비
무료",쿠팡,2025-08-29 18:07:36
https://search.shopping.naver.com/catalog/53531532360,NOW02933,프로바이오틱-10 250억 베지 캡슐 100정,나우푸드 프로바이오틱-10 유산균 250억 160mg x 100캡슐 1개,개당 수량: 100캡슐 | 수량: 6개,180400,59900,240300,"배송비
59,900원 포함",강시2023,2025-08-29 18:07:41
https://search.shopping.naver.com/catalog/35324664624,LEX01011,"투 퍼 데이 종합비타민, V2, 120정 타블렛",라이프익스텐션 투 퍼 데이 종합비타민 120정,상품구성: 1개,20620,0,20620,"배송비
무료",비타케어365,2025-08-29 18:07:53
https://search.shopping.naver.com/catalog/35324664624,LEX01011,"투 퍼 데이 종합비타민, V2, 120정 타블렛",라이프익스텐션 투 퍼 데이 종합비타민 120정,상품구성: 2개,0,0,0,가격 정보 없음,쇼핑몰 정보 없음,2025-08-29 18:07:57
https://search.shopping.naver.com/catalog/35324664624,LEX01011,"투 퍼 데이 종합비타민, V2, 120정 타블렛",라이프익스텐션 투 퍼 데이 종합비타민 120정,상품구성: 3개,0,0,0,가격 정보 없음,쇼핑몰 정보 없음,2025-08-29 18:08:00
https://search.shopping.naver.com/catalog/35324664624,LEX01011,"투 퍼 데이 종합비타민, V2, 120정 타블렛",라이프익스텐션 투 퍼 데이 종합비타민 120정,상품구성: 4개,0,0,0,가격 정보 없음,쇼핑몰 정보 없음,2025-08-29 18:08:02
https://search.shopping.naver.com/catalog/35324664624,LEX01011,"투 퍼 데이 종합비타민, V2, 120정 타블렛",라이프익스텐션 투 퍼 데이 종합비타민 120정,상품구성: 5개,0,0,0,가격 정보 없음,쇼핑몰 정보 없음,2025-08-29 18:08:04
https://search.shopping.naver.com/catalog/35324664624,LEX01011,"투 퍼 데이 종합비타민, V2, 120정 타블렛",라이프익스텐션 투 퍼 데이 종합비타민 120정,상품구성: 6개,0,0,0,가격 정보 없음,쇼핑몰 정보 없음,2025-08-29 18:08:06
https://search.shopping.naver.com/catalog/35413926618,NFS04513,"CranRich, 슈퍼 스트렝스, 크랜베리 농축물, 500mg, 캡슐 180정",네추럴팩터스 슈퍼 스트렝스 크랜베리 500mg x180캡슐,상품구성: 1개,21010,0,21010,"배송비
무료",세이브비타,2025-08-29 18:08:18
https://search.shopping.naver.com/catalog/35413926618,NFS04513,"CranRich, 슈퍼 스트렝스, 크랜베리 농축물, 500mg, 캡슐 180정",네추럴팩터스 슈퍼 스트렝스 크랜베리 500mg x180캡슐,상품구성: 2개,43370,0,43370,"배송비
무료",쿠팡,2025-08-29 18:08:22
https://search.shopping.naver.com/catalog/35413926618,NFS04513,"CranRich, 슈퍼 스트렝스, 크랜베리 농축물, 500mg, 캡슐 180정",네추럴팩터스 슈퍼 스트렝스 크랜베리 500mg x180캡슐,상품구성: 3개,89900,0,89900,"배송비
무료",프리미엄바이,2025-08-29 18:08:26
https://search.shopping.naver.com/catalog/53647987206,CGN01167,CGN 100% 분리유청 단백질 파우더 무맛 2270g 프로틴,"캘리포니아골드뉴트리션 웨이 프로틴 아이솔레이트 무맛 2.27kg, 1개",맛: 오리지널 | 용량: 2.27kg,94720,0,94720,"배송비
무료",옥션,2025-08-29 18:08:42
https://search.shopping.naver.com/catalog/53647987206,CGN01167,CGN 100% 분리유청 단백질 파우더 무맛 2270g 프로틴,"캘리포니아골드뉴트리션 웨이 프로틴 아이솔레이트 무맛 2.27kg, 1개",맛: 다크 초코 | 용량: 907g,51040,0,51040,"배송비
무료",아이허브 공식스토어,2025-08-29 18:08:59
https://search.shopping.naver.com/catalog/53647987206,CGN01167,CGN 100% 분리유청 단백질 파우더 무맛 2270g 프로틴,"캘리포니아골드뉴트리션 웨이 프로틴 아이솔레이트 무맛 2.27kg, 1개",맛: 다크 초코 | 용량: 2.27kg,106500,0,106500,"배송비
무료",아이허브 공식스토어,2025-08-29 18:09:04
https://search.shopping.naver.com/catalog/29709587624,NOW00474,"비오틴, 5,000mcg, 베지 캡슐 120정",나우푸드 비오틴 120캡슐,상품구성: 1개,10390,0,10390,"배송비
무료",비타케어365,2025-08-29 18:09:16
https://search.shopping.naver.com/catalog/29709587624,NOW00474,"비오틴, 5,000mcg, 베지 캡슐 120정",나우푸드 비오틴 120캡슐,상품구성: 2개,21470,0,21470,"배송비
무료",11번가,2025-08-29 18:09:21
https://search.shopping.naver.com/catalog/29709587624,NOW00474,"비오틴, 5,000mcg, 베지 캡슐 120정",나우푸드 비오틴 120캡슐,상품구성: 3개,32040,0,32040,"배송비
무료",쿠팡,2025-08-29 18:09:25
https://search.shopping.naver.com/catalog/29709587624,NOW00474,"비오틴, 5,000mcg, 베지 캡슐 120정",나우푸드 비오틴 120캡슐,상품구성: 4개,38680,0,38680,"배송비
무료",11번가,2025-08-29 18:09:29
https://search.shopping.naver.com/catalog/29709587624,NOW00474,"비오틴, 5,000mcg, 베지 캡슐 120정",나우푸드 비오틴 120캡슐,상품구성: 5개,47100,0,47100,"배송비
무료",11번가,2025-08-29 18:09:33
https://search.shopping.naver.com/catalog/29709587624,NOW00474,"비오틴, 5,000mcg, 베지 캡슐 120정",나우푸드 비오틴 120캡슐,상품구성: 6개,57560,0,57560,"배송비
무료",G마켓,2025-08-29 18:09:37
https://search.shopping.naver.com/catalog/55111536033,PNB00028,땅콩 버터 올드 패션드 크런치 454g(16oz),피넛버터앤코 피넛버터 올드패션 크런치 454g 1개,용량: 454g | 수량: 1개,9400,2500,11900,"배송비
2,500원 포함",로스스토어,2025-08-29 18:09:53
https://search.shopping.naver.com/catalog/55111536033,PNB00028,땅콩 버터 올드 패션드 크런치 454g(16oz),피넛버터앤코 피넛버터 올드패션 크런치 454g 1개,용량: 454g | 수량: 3개,32800,0,32800,"배송비
무료",대신사,2025-08-29 18:09:58
https://search.shopping.naver.com/catalog/51929366165,CDL10300,"Essentials, 종합비타민 & 미네랄, 천연 오렌지/망고 맛, 237ml(8fl oz)",차일드라이프 종합비타민 & 미네랄천연 오렌지 망고맛 237ml 1개,용량: 237ml | 수량: 1개,19150,0,19150,"배송비
무료",지혜의상점,2025-08-29 18:10:15
https://search.shopping.naver.com/catalog/51929366165,CDL10300,"Essentials, 종합비타민 & 미네랄, 천연 오렌지/망고 맛, 237ml(8fl oz)",차일드라이프 종합비타민 & 미네랄천연 오렌지 망고맛 237ml 1개,용량: 237ml | 수량: 2개,37200,0,37200,"배송비
무료",뉴트리픽,2025-08-29 18:10:20
https://search.shopping.naver.com/catalog/51929366165,CDL10300,"Essentials, 종합비타민 & 미네랄, 천연 오렌지/망고 맛, 237ml(8fl oz)",차일드라이프 종합비타민 & 미네랄천연 오렌지 망고맛 237ml 1개,용량: 237ml | 수량: 3개,51470,0,51470,"배송비
무료",G마켓,2025-08-29 18:10:25
https://search.shopping.naver.com/catalog/51929366165,CDL10300,"Essentials, 종합비타민 & 미네랄, 천연 오렌지/망고 맛, 237ml(8fl oz)",차일드라이프 종합비타민 & 미네랄천연 오렌지 망고맛 237ml 1개,용량: 237ml | 수량: 4개,96000,0,96000,"배송비
무료",Grab the Bar,2025-08-29 18:10:30
https://search.shopping.naver.com/catalog/56440698430,NOW04795,"밀크시슬 추출물, 최대 강도, 750mg, 베지 캡슐 90정",나우푸드 밀크시슬 실리마린 750mg x 90캡슐 1개,개당 수량: 90캡슐 | 수량: 1개,29200,0,29200,"배송비
무료",굿 굿 즈,2025-08-29 18:10:47
https://search.shopping.naver.com/catalog/56440698430,NOW04795,"밀크시슬 추출물, 최대 강도, 750mg, 베지 캡슐 90정",나우푸드 밀크시슬 실리마린 750mg x 90캡슐 1개,개당 수량: 90캡슐 | 수량: 2개,48900,0,48900,"배송비
무료",Besthall,2025-08-29 18:10:52
https://search.shopping.naver.com/catalog/36140881618,SNS01416,"메가 스트렝스 베타 시토스테롤, 375mg, 120정",소스내추럴스 베타시토스테롤 375mg 120타블렛,상품구성: 1개,18310,0,18310,"배송비
무료",사가람,2025-08-29 18:11:07
https://search.shopping.naver.com/catalog/36140881618,SNS01416,"메가 스트렝스 베타 시토스테롤, 375mg, 120정",소스내추럴스 베타시토스테롤 375mg 120타블렛,상품구성: 2개,27990,15000,42990,"배송비
15,000원 포함",쿠팡,2025-08-29 18:11:11
https://search.shopping.naver.com/catalog/36140881618,SNS01416,"메가 스트렝스 베타 시토스테롤, 375mg, 120정",소스내추럴스 베타시토스테롤 375mg 120타블렛,상품구성: 3개,54900,5000,59900,"배송비
5,000원 포함",로컬비타,2025-08-29 18:11:15
https://search.shopping.naver.com/catalog/36140881618,SNS01416,"메가 스트렝스 베타 시토스테롤, 375mg, 120정",소스내추럴스 베타시토스테롤 375mg 120타블렛,상품구성: 4개,53630,20000,73630,"배송비
20,000원 포함",쿠팡,2025-08-29 18:11:19
https://search.shopping.naver.com/catalog/36140881618,SNS01416,"메가 스트렝스 베타 시토스테롤, 375mg, 120정",소스내추럴스 베타시토스테롤 375mg 120타블렛,상품구성: 6개,100800,9900,110700,"배송비
9,900원 포함",LUXE J,2025-08-29 18:11:23
https://search.shopping.naver.com/catalog/53548647097,LEX14591,"마그네슘 캡슐, 500 mg, 100 베지 캡슐",라이프익스텐션 마그네슘 500mg x 100캡슐 1개,개당 수량: 100캡슐 | 수량: 1개,12820,2500,15320,"배송비
2,500원 포함",G마켓,2025-08-29 18:11:40
https://search.shopping.naver.com/catalog/53548647097,LEX14591,"마그네슘 캡슐, 500 mg, 100 베지 캡슐",라이프익스텐션 마그네슘 500mg x 100캡슐 1개,개당 수량: 100캡슐 | 수량: 2개,21720,4900,26620,"배송비
4,900원 포함",물랑 루즈,2025-08-29 18:11:45
https://search.shopping.naver.com/catalog/53548647097,LEX14591,"마그네슘 캡슐, 500 mg, 100 베지 캡슐",라이프익스텐션 마그네슘 500mg x 100캡슐 1개,개당 수량: 100캡슐 | 수량: 3개,38030,0,38030,"배송비
무료",아이허브 공식스토어,2025-08-29 18:11:50
https://search.shopping.naver.com/catalog/35343453633,NOW01272,"칼슘 및 마그네슘, 250정",나우푸드 칼슘 앤 마그네슘 250정,상품구성: 1개,23860,0,23860,"배송비
무료",11번가,2025-08-29 18:12:04
https://search.shopping.naver.com/catalog/35343453633,NOW01272,"칼슘 및 마그네슘, 250정",나우푸드 칼슘 앤 마그네슘 250정,상품구성: 2개,33620,0,33620,"배송비
무료",헬스스프링,2025-08-29 18:12:08
https://search.shopping.naver.com/catalog/35343453633,NOW01272,"칼슘 및 마그네슘, 250정",나우푸드 칼슘 앤 마그네슘 250정,상품구성: 3개,47200,0,47200,"배송비
무료",헬스스프링,2025-08-29 18:12:12
https://search.shopping.naver.com/catalog/35343453633,NOW01272,"칼슘 및 마그네슘, 250정",나우푸드 칼슘 앤 마그네슘 250정,상품구성: 4개,0,0,0,가격 정보 없음,쇼핑몰 정보 없음,2025-08-29 18:12:17
https://search.shopping.naver.com/catalog/35343453633,NOW01272,"칼슘 및 마그네슘, 250정",나우푸드 칼슘 앤 마그네슘 250정,상품구성: 5개,0,0,0,가격 정보 없음,쇼핑몰 정보 없음,2025-08-29 18:12:19
https://search.shopping.naver.com/catalog/35343453633,NOW01272,"칼슘 및 마그네슘, 250정",나우푸드 칼슘 앤 마그네슘 250정,상품구성: 6개,0,0,0,가격 정보 없음,쇼핑몰 정보 없음,2025-08-29 18:12:21
https://search.shopping.naver.com/catalog/53530442328,NOW00175,글루타치온 500mg 30베지캡슐,나우푸드 글루타치온 500mg x 30캡슐 1개,개당 수량: 60캡슐 | 수량: 1개,26600,2500,29100,"배송비
2,500원 포함",뉴트리픽,2025-08-29 18:12:39
https://search.shopping.naver.com/catalog/53530442328,NOW00175,글루타치온 500mg 30베지캡슐,나우푸드 글루타치온 500mg x 30캡슐 1개,개당 수량: 60캡슐 | 수량: 2개,45450,6500,51950,"배송비
6,500원 포함",옥션,2025-08-29 18:12:45
https://search.shopping.naver.com/catalog/53530442328,NOW00175,글루타치온 500mg 30베지캡슐,나우푸드 글루타치온 500mg x 30캡슐 1개,개당 수량: 60캡슐 | 수량: 3개,70520,15000,85520,"배송비
15,000원 포함",G마켓,2025-08-29 18:12:50
https://search.shopping.naver.com/catalog/53530442328,NOW00175,글루타치온 500mg 30베지캡슐,나우푸드 글루타치온 500mg x 30캡슐 1개,개당 수량: 60캡슐 | 수량: 4개,92130,0,92130,"배송비
무료",G마켓,2025-08-29 18:12:55
https://search.shopping.naver.com/catalog/53530442328,NOW00175,글루타치온 500mg 30베지캡슐,나우푸드 글루타치온 500mg x 30캡슐 1개,개당 수량: 60캡슐 | 수량: 6개,150390,0,150390,"배송비
무료",G마켓,2025-08-29 18:13:00
https://search.shopping.naver.com/catalog/53530442328,NOW00175,글루타치온 500mg 30베지캡슐,나우푸드 글루타치온 500mg x 30캡슐 1개,개당 수량: 30캡슐 | 수량: 1개,18900,0,18900,"배송비
무료",굿 굿 즈,2025-08-29 18:13:18
https://search.shopping.naver.com/catalog/53530442328,NOW00175,글루타치온 500mg 30베지캡슐,나우푸드 글루타치온 500mg x 30캡슐 1개,개당 수량: 30캡슐 | 수량: 2개,34520,0,34520,"배송비
무료",아이허브 공식스토어,2025-08-29 18:13:23
https://search.shopping.naver.com/catalog/53530442328,NOW00175,글루타치온 500mg 30베지캡슐,나우푸드 글루타치온 500mg x 30캡슐 1개,개당 수량: 30캡슐 | 수량: 3개,49800,0,49800,"배송비
무료",사가람,2025-08-29 18:13:28
https://search.shopping.naver.com/catalog/51929219772,CGN01054,"LactoBif 반려동물 프로바이오틱스, 50억 CFU, 베지 캡슐 60정",캘리포니아골드뉴트리션 락토비프 반려동물 프로바이오틱스 50억 CFU 400mg x 60포 1개,기본 구성,16350,4500,20850,"배송비
4,500원 포함",아이허브 공식스토어,2025-08-29 18:13:38
https://search.shopping.naver.com/catalog/51929257058,DRB00405,고흡수 코큐텐 바이오페린 100mg 360베지캡슐,닥터스베스트 하이 앱솔션 CoQ10 100mg x 360캡슐 1개,개당 수량: 360캡슐 | 수량: 1개,43980,0,43980,"배송비
무료",굿 굿 즈,2025-08-29 18:13:55
https://search.shopping.naver.com/catalog/51929257058,DRB00405,고흡수 코큐텐 바이오페린 100mg 360베지캡슐,닥터스베스트 하이 앱솔션 CoQ10 100mg x 360캡슐 1개,개당 수량: 360캡슐 | 수량: 2개,120490,0,120490,"배송비
무료",세이브비타,2025-08-29 18:14:01
https://search.shopping.naver.com/catalog/35316779621,MLI00952,오메가3 프리미엄 피쉬젤라틴 소프트젤 100정,캘리포니아골드뉴트리션 오메가3 프리미엄 피쉬 오일 100캡슐,상품구성: 1개,16320,0,16320,"배송비
무료",와이비타민몰,2025-08-29 18:14:13
https://search.shopping.naver.com/catalog/35316779621,MLI00952,오메가3 프리미엄 피쉬젤라틴 소프트젤 100정,캘리포니아골드뉴트리션 오메가3 프리미엄 피쉬 오일 100캡슐,상품구성: 2개,26430,0,26430,"배송비
무료",제이의 구매,2025-08-29 18:14:17
https://search.shopping.naver.com/catalog/35316779621,MLI00952,오메가3 프리미엄 피쉬젤라틴 소프트젤 100정,캘리포니아골드뉴트리션 오메가3 프리미엄 피쉬 오일 100캡슐,상품구성: 3개,34500,0,34500,"배송비
무료",옥션,2025-08-29 18:14:21
https://search.shopping.naver.com/catalog/35316779621,MLI00952,오메가3 프리미엄 피쉬젤라틴 소프트젤 100정,캘리포니아골드뉴트리션 오메가3 프리미엄 피쉬 오일 100캡슐,상품구성: 4개,51600,0,51600,"배송비
무료",dgm,2025-08-29 18:14:25
https://search.shopping.naver.com/catalog/35316779621,MLI00952,오메가3 프리미엄 피쉬젤라틴 소프트젤 100정,캘리포니아골드뉴트리션 오메가3 프리미엄 피쉬 오일 100캡슐,상품구성: 5개,104450,6900,111350,"배송비
6,900원 포함",베스트비타,2025-08-29 18:14:30
https://search.shopping.naver.com/catalog/53546968145,DRB00369,"Lutemax 2020 함유 루테인, 20mg, 소프트젤 60정",닥터스베스트 루테인 20mg x 60캡슐 1개,개당 수량: 60캡슐 | 수량: 1개,15350,0,15350,"배송비
무료",세이브비타,2025-08-29 18:14:47
https://search.shopping.naver.com/catalog/53546968145,DRB00369,"Lutemax 2020 함유 루테인, 20mg, 소프트젤 60정",닥터스베스트 루테인 20mg x 60캡슐 1개,개당 수량: 60캡슐 | 수량: 2개,30360,100,30460,"배송비
100원 포함",하늘 마켓,2025-08-29 18:14:53
https://search.shopping.naver.com/catalog/53546968145,DRB00369,"Lutemax 2020 함유 루테인, 20mg, 소프트젤 60정",닥터스베스트 루테인 20mg x 60캡슐 1개,개당 수량: 60캡슐 | 수량: 3개,40060,0,40060,"배송비
무료",TAERIM,2025-08-29 18:14:58
https://search.shopping.naver.com/catalog/53546968145,DRB00369,"Lutemax 2020 함유 루테인, 20mg, 소프트젤 60정",닥터스베스트 루테인 20mg x 60캡슐 1개,개당 수량: 60캡슐 | 수량: 4개,58120,100,58220,"배송비
100원 포함",하늘 마켓,2025-08-29 18:15:03
https://search.shopping.naver.com/catalog/53546968145,DRB00369,"Lutemax 2020 함유 루테인, 20mg, 소프트젤 60정",닥터스베스트 루테인 20mg x 60캡슐 1개,개당 수량: 120캡슐 | 수량: 1개,16890,0,16890,"배송비
무료",세이브비타,2025-08-29 18:15:20
https://search.shopping.naver.com/catalog/53546968145,DRB00369,"Lutemax 2020 함유 루테인, 20mg, 소프트젤 60정",닥터스베스트 루테인 20mg x 60캡슐 1개,개당 수량: 120캡슐 | 수량: 2개,37010,0,37010,"배송비
무료",헬로 유로,2025-08-29 18:15:25
https://search.shopping.naver.com/catalog/53546968145,DRB00369,"Lutemax 2020 함유 루테인, 20mg, 소프트젤 60정",닥터스베스트 루테인 20mg x 60캡슐 1개,개당 수량: 120캡슐 | 수량: 3개,53730,0,53730,"배송비
무료",아이허브 공식스토어,2025-08-29 18:15:30
https://search.shopping.naver.com/catalog/53546968145,DRB00369,"Lutemax 2020 함유 루테인, 20mg, 소프트젤 60정",닥터스베스트 루테인 20mg x 60캡슐 1개,개당 수량: 120캡슐 | 수량: 4개,70990,29900,100890,"배송비
29,900원 포함",강시2023,2025-08-29 18:15:36
https://search.shopping.naver.com/catalog/53546968145,DRB00369,"Lutemax 2020 함유 루테인, 20mg, 소프트젤 60정",닥터스베스트 루테인 20mg x 60캡슐 1개,개당 수량: 120캡슐 | 수량: 6개,137880,5000,142880,"배송비
5,000원 포함",엘로우프리지어2,2025-08-29 18:15:41
https://search.shopping.naver.com/catalog/53546968145,DRB00369,"Lutemax 2020 함유 루테인, 20mg, 소프트젤 60정",닥터스베스트 루테인 20mg x 60캡슐 1개,개당 수량: 180정 | 수량: 1개,29240,0,29240,"배송비
무료",쿠팡,2025-08-29 18:15:58
https://search.shopping.naver.com/catalog/53546968145,DRB00369,"Lutemax 2020 함유 루테인, 20mg, 소프트젤 60정",닥터스베스트 루테인 20mg x 60캡슐 1개,개당 수량: 180정 | 수량: 2개,56570,0,56570,"배송비
무료",쿠팡,2025-08-29 18:16:03
https://search.shopping.naver.com/catalog/53546968145,DRB00369,"Lutemax 2020 함유 루테인, 20mg, 소프트젤 60정",닥터스베스트 루테인 20mg x 60캡슐 1개,개당 수량: 180정 | 수량: 3개,96600,0,96600,"배송비
무료",G마켓,2025-08-29 18:16:08
https://search.shopping.naver.com/catalog/53546968145,DRB00369,"Lutemax 2020 함유 루테인, 20mg, 소프트젤 60정",닥터스베스트 루테인 20mg x 60캡슐 1개,개당 수량: 180정 | 수량: 4개,129240,0,129240,"배송비
무료",G마켓,2025-08-29 18:16:13
https://search.shopping.naver.com/catalog/53546968145,DRB00369,"Lutemax 2020 함유 루테인, 20mg, 소프트젤 60정",닥터스베스트 루테인 20mg x 60캡슐 1개,개당 수량: 180정 | 수량: 5개,198500,0,198500,"배송비
무료",해변의카프카,2025-08-29 18:16:19
https://search.shopping.naver.com/catalog/35415438618,DRB00273,"엑스트라 스트렝스 징코, 120mg, 베지 캡슐 360정",닥터스베스트 엑스트라 스트렝스 징코 120mg 360캡슐,상품구성: 1개,31190,0,31190,"배송비
무료",세이브비타,2025-08-29 18:16:31
https://search.shopping.naver.com/catalog/35415438618,DRB00273,"엑스트라 스트렝스 징코, 120mg, 베지 캡슐 360정",닥터스베스트 엑스트라 스트렝스 징코 120mg 360캡슐,상품구성: 2개,54800,20000,74800,"배송비
20,000원 포함",쿠팡,2025-08-29 18:16:35
https://search.shopping.naver.com/catalog/35415438618,DRB00273,"엑스트라 스트렝스 징코, 120mg, 베지 캡슐 360정",닥터스베스트 엑스트라 스트렝스 징코 120mg 360캡슐,상품구성: 3개,98800,9900,108700,"배송비
9,900원 포함",우리의직구,2025-08-29 18:16:39
https://search.shopping.naver.com/catalog/29025310588,NOW01294,"마그네슘 시트레이트, 베지 캡슐 120정",나우푸드 마그네슘 시트레이트 베지 캡슐 120개입,상품구성: 1개,17980,100,18080,"배송비
100원 포함",하늘 마켓,2025-08-29 18:16:53
https://search.shopping.naver.com/catalog/29025310588,NOW01294,"마그네슘 시트레이트, 베지 캡슐 120정",나우푸드 마그네슘 시트레이트 베지 캡슐 120개입,상품구성: 2개,28890,0,28890,"배송비
무료",11번가,2025-08-29 18:16:57
https://search.shopping.naver.com/catalog/29025310588,NOW01294,"마그네슘 시트레이트, 베지 캡슐 120정",나우푸드 마그네슘 시트레이트 베지 캡슐 120개입,상품구성: 3개,41410,0,41410,"배송비
무료",11번가,2025-08-29 18:17:01
https://search.shopping.naver.com/catalog/29025310588,NOW01294,"마그네슘 시트레이트, 베지 캡슐 120정",나우푸드 마그네슘 시트레이트 베지 캡슐 120개입,상품구성: 4개,73800,9900,83700,"배송비
9,900원 포함",넥스트상점,2025-08-29 18:17:05
https://search.shopping.naver.com/catalog/29025310588,NOW01294,"마그네슘 시트레이트, 베지 캡슐 120정",나우푸드 마그네슘 시트레이트 베지 캡슐 120개입,상품구성: 5개,101900,0,101900,"배송비
무료",리즈박스 - Rizbox,2025-08-29 18:17:09
https://search.shopping.naver.com/catalog/29025310588,NOW01294,"마그네슘 시트레이트, 베지 캡슐 120정",나우푸드 마그네슘 시트레이트 베지 캡슐 120개입,상품구성: 6개,121900,0,121900,"배송비
무료",리즈박스 - Rizbox,2025-08-29 18:17:14
https://search.shopping.naver.com/catalog/35416072619,NOW03230,"크랜베리 캡슐, 베지 캡슐 100정",나우푸드 크랜베리 캡슐 베지 캡슐 100정,상품구성: 1개,18890,0,18890,"배송비
무료",사가람,2025-08-29 18:17:27
https://search.shopping.naver.com/catalog/35416072619,NOW03230,"크랜베리 캡슐, 베지 캡슐 100정",나우푸드 크랜베리 캡슐 베지 캡슐 100정,상품구성: 2개,31690,15000,46690,"배송비
15,000원 포함",쿠팡,2025-08-29 18:17:32
https://search.shopping.naver.com/catalog/35416072619,NOW03230,"크랜베리 캡슐, 베지 캡슐 100정",나우푸드 크랜베리 캡슐 베지 캡슐 100정,상품구성: 3개,43650,20000,63650,"배송비
20,000원 포함",쿠팡,2025-08-29 18:17:36
https://search.shopping.naver.com/catalog/35416072619,NOW03230,"크랜베리 캡슐, 베지 캡슐 100정",나우푸드 크랜베리 캡슐 베지 캡슐 100정,상품구성: 4개,57460,20000,77460,"배송비
20,000원 포함",쿠팡,2025-08-29 18:17:40
https://search.shopping.naver.com/catalog/35416072619,NOW03230,"크랜베리 캡슐, 베지 캡슐 100정",나우푸드 크랜베리 캡슐 베지 캡슐 100정,상품구성: 5개,74980,0,74980,"배송비
무료",쿠팡,2025-08-29 18:17:44
https://search.shopping.naver.com/catalog/35368487620,DRB00081,OptiMSM  글루코사민 콘드로이틴 MSM 베지캡슐 240정,닥터스베스트 글루코사민 콘드로이틴 MSM 240캡슐,상품구성: 1개,30990,0,30990,"배송비
무료",비타케어365,2025-08-29 18:17:56
https://search.shopping.naver.com/catalog/35368487620,DRB00081,OptiMSM  글루코사민 콘드로이틴 MSM 베지캡슐 240정,닥터스베스트 글루코사민 콘드로이틴 MSM 240캡슐,상품구성: 2개,59280,0,59280,"배송비
무료",세이브비타,2025-08-29 18:18:00
https://search.shopping.naver.com/catalog/35368487620,DRB00081,OptiMSM  글루코사민 콘드로이틴 MSM 베지캡슐 240정,닥터스베스트 글루코사민 콘드로이틴 MSM 240캡슐,상품구성: 3개,91470,0,91470,"배송비
무료",11번가,2025-08-29 18:18:04
https://search.shopping.naver.com/catalog/35368487620,DRB00081,OptiMSM  글루코사민 콘드로이틴 MSM 베지캡슐 240정,닥터스베스트 글루코사민 콘드로이틴 MSM 240캡슐,상품구성: 4개,173900,0,173900,"배송비
무료",줄투와트,2025-08-29 18:18:09
https://search.shopping.naver.com/catalog/35368487620,DRB00081,OptiMSM  글루코사민 콘드로이틴 MSM 베지캡슐 240정,닥터스베스트 글루코사민 콘드로이틴 MSM 240캡슐,상품구성: 5개,171200,0,171200,"배송비
무료",퀵어스몰,2025-08-29 18:18:13
https://search.shopping.naver.com/catalog/35368153619,DRB00076,"OptiMSM 함유 MSM 분말, 250g(8.8oz)",닥터스베스트 MSM 파우더 250g,상품구성: 1개,11690,0,11690,"배송비
무료",세이브비타,2025-08-29 18:18:25
https://search.shopping.naver.com/catalog/35368153619,DRB00076,"OptiMSM 함유 MSM 분말, 250g(8.8oz)",닥터스베스트 MSM 파우더 250g,상품구성: 2개,28300,100,28400,"배송비
100원 포함",하늘 마켓,2025-08-29 18:18:29
https://search.shopping.naver.com/catalog/35368153619,DRB00076,"OptiMSM 함유 MSM 분말, 250g(8.8oz)",닥터스베스트 MSM 파우더 250g,상품구성: 3개,39060,0,39060,"배송비
무료",나미의 다락방,2025-08-29 18:18:33
https://search.shopping.naver.com/catalog/35368153619,DRB00076,"OptiMSM 함유 MSM 분말, 250g(8.8oz)",닥터스베스트 MSM 파우더 250g,상품구성: 4개,46690,0,46690,"배송비
무료",하루의스토어,2025-08-29 18:18:38
https://search.shopping.naver.com/catalog/35368153619,DRB00076,"OptiMSM 함유 MSM 분말, 250g(8.8oz)",닥터스베스트 MSM 파우더 250g,상품구성: 5개,84800,10000,94800,"배송비
10,000원 포함",SP 생활건강,2025-08-29 18:18:42
https://search.shopping.naver.com/catalog/35368153619,DRB00076,"OptiMSM 함유 MSM 분말, 250g(8.8oz)",닥터스베스트 MSM 파우더 250g,상품구성: 6개,101800,10000,111800,"배송비
10,000원 포함",SP 생활건강,2025-08-29 18:18:46
https://search.shopping.naver.com/catalog/35324664618,CGN01330,"오메가3, 프리미엄 피쉬 오일, 피쉬 젤라틴 소프트젤 240정",캘리포니아골드뉴트리션 오메가3 프리미엄 피쉬 오일 240캡슐,상품구성: 1개,21940,0,21940,"배송비
무료",11번가,2025-08-29 18:18:58
https://search.shopping.naver.com/catalog/35324664618,CGN01330,"오메가3, 프리미엄 피쉬 오일, 피쉬 젤라틴 소프트젤 240정",캘리포니아골드뉴트리션 오메가3 프리미엄 피쉬 오일 240캡슐,상품구성: 2개,50170,0,50170,"배송비
무료",옥션,2025-08-29 18:19:03
https://search.shopping.naver.com/catalog/35324664618,CGN01330,"오메가3, 프리미엄 피쉬 오일, 피쉬 젤라틴 소프트젤 240정",캘리포니아골드뉴트리션 오메가3 프리미엄 피쉬 오일 240캡슐,상품구성: 3개,74800,0,74800,"배송비
무료",PLAINLIVING,2025-08-29 18:19:07
https://search.shopping.naver.com/catalog/35324664618,CGN01330,"오메가3, 프리미엄 피쉬 오일, 피쉬 젤라틴 소프트젤 240정",캘리포니아골드뉴트리션 오메가3 프리미엄 피쉬 오일 240캡슐,상품구성: 5개,138800,19900,158700,"배송비
19,900원 포함",우리의직구,2025-08-29 18:19:11
https://search.shopping.naver.com/catalog/54312647504,DRB00107,"흡수율이 높은 커큐민, 베지 캡슐 120정(캡슐당 500mg)",닥터스베스트 고흡수 커큐민 500mg 캡슐 120정,기본 구성,41420,0,41420,"배송비
무료",아이허브 공식스토어,2025-08-29 18:19:20
https://search.shopping.naver.com/catalog/53599886523,DRB00333,"Q-C를 함유한 순수 비타민C 분말, 250g(8.8oz)",닥터스베스트 퓨어 비타민C 파우더 250g 1개,용량: 250g | 수량: 1개,19970,0,19970,"배송비
무료",비타케어365,2025-08-29 18:19:37
https://search.shopping.naver.com/catalog/53599886523,DRB00333,"Q-C를 함유한 순수 비타민C 분말, 250g(8.8oz)",닥터스베스트 퓨어 비타민C 파우더 250g 1개,용량: 250g | 수량: 2개,41590,0,41590,"배송비
무료",세이브비타,2025-08-29 18:19:43
https://search.shopping.naver.com/catalog/53599886523,DRB00333,"Q-C를 함유한 순수 비타민C 분말, 250g(8.8oz)",닥터스베스트 퓨어 비타민C 파우더 250g 1개,용량: 250g | 수량: 3개,62400,22000,84400,"배송비
22,000원 포함",쿠팡,2025-08-29 18:19:48
https://search.shopping.naver.com/catalog/35326909619,DRB00029,"퀘르세틴 브로멜라인, 베지 캡슐 180정",닥터스베스트 퀘르세틴 브로멜라인 180캡슐,상품구성: 1개,27960,0,27960,"배송비
무료",세이브비타,2025-08-29 18:20:02
https://search.shopping.naver.com/catalog/35326909619,DRB00029,"퀘르세틴 브로멜라인, 베지 캡슐 180정",닥터스베스트 퀘르세틴 브로멜라인 180캡슐,상품구성: 2개,37640,0,37640,"배송비
무료",옥션,2025-08-29 18:20:06
https://search.shopping.naver.com/catalog/35326909619,DRB00029,"퀘르세틴 브로멜라인, 베지 캡슐 180정",닥터스베스트 퀘르세틴 브로멜라인 180캡슐,상품구성: 3개,93560,15000,108560,"배송비
15,000원 포함",옥션,2025-08-29 18:20:10
https://search.shopping.naver.com/catalog/35326909619,DRB00029,"퀘르세틴 브로멜라인, 베지 캡슐 180정",닥터스베스트 퀘르세틴 브로멜라인 180캡슐,상품구성: 4개,130900,9900,140800,"배송비
9,900원 포함",퀵어스몰,2025-08-29 18:20:14
https://search.shopping.naver.com/catalog/35326909619,DRB00029,"퀘르세틴 브로멜라인, 베지 캡슐 180정",닥터스베스트 퀘르세틴 브로멜라인 180캡슐,상품구성: 5개,186880,5000,191880,"배송비
5,000원 포함",엘로우프리지어2,2025-08-29 18:20:18
https://search.shopping.naver.com/catalog/53549418520,NOW02410,"맥주 효모, 200정",나우푸드 맥주효모 650mg x 200정 1개,개당 수량: 200정 | 수량: 1개,12600,0,12600,"배송비
무료",굿 굿 즈,2025-08-29 18:20:35
https://search.shopping.naver.com/catalog/53549418520,NOW02410,"맥주 효모, 200정",나우푸드 맥주효모 650mg x 200정 1개,개당 수량: 200정 | 수량: 2개,26240,2500,28740,"배송비
2,500원 포함",G마켓,2025-08-29 18:20:41
https://search.shopping.naver.com/catalog/53549418520,NOW02410,"맥주 효모, 200정",나우푸드 맥주효모 650mg x 200정 1개,개당 수량: 200정 | 수량: 3개,26990,0,26990,"배송비
무료",라니코2024,2025-08-29 18:20:46
https://search.shopping.naver.com/catalog/53549418520,NOW02410,"맥주 효모, 200정",나우푸드 맥주효모 650mg x 200정 1개,개당 수량: 200정 | 수량: 4개,44200,0,44200,"배송비
무료",싸다구미쿡,2025-08-29 18:20:51
https://search.shopping.naver.com/catalog/53549418520,NOW02410,"맥주 효모, 200정",나우푸드 맥주효모 650mg x 200정 1개,개당 수량: 200정 | 수량: 5개,70900,0,70900,"배송비
무료",쿠팡,2025-08-29 18:20:56
https://search.shopping.naver.com/catalog/53549418520,NOW02410,"맥주 효모, 200정",나우푸드 맥주효모 650mg x 200정 1개,개당 수량: 200정 | 수량: 6개,64800,0,64800,"배송비
무료",웰니스허브,2025-08-29 18:21:01
https://search.shopping.naver.com/catalog/47937439124,AZO10167,"크랜베리, 요로 , 소프트젤 100정",아조 크랜베리 유리너리 트랙트 헬스 100정,기본 구성,25700,0,25700,"배송비
무료",NY24,2025-08-29 18:21:10
https://search.shopping.naver.com/catalog/48748417618,CGN02100,Bone Boost 120정,캘리포니아골드뉴트리션 Bone Boost 120정,상품구성: 1개,30030,0,30030,"배송비
무료",아이허브 공식스토어,2025-08-29 18:21:23
https://search.shopping.naver.com/catalog/48748417618,CGN02100,Bone Boost 120정,캘리포니아골드뉴트리션 Bone Boost 120정,상품구성: 2개,86000,0,86000,"배송비
무료",바나나직구,2025-08-29 18:21:28
https://search.shopping.naver.com/catalog/48748417618,CGN02100,Bone Boost 120정,캘리포니아골드뉴트리션 Bone Boost 120정,상품구성: 3개,130000,0,130000,"배송비
무료",바나나직구,2025-08-29 18:21:32
https://search.shopping.naver.com/catalog/48098348619,DRB00300,"Vitashine D3 및 Quatrefolic 함유 종합비타민, 베지 캡슐 90정",닥터스베스트 VitashineD3 및 Quatrefolic 종합비타민 90캡슐,상품구성: 1개,57000,0,57000,"배송비
무료",Yesvita,2025-08-29 18:21:44
https://search.shopping.naver.com/catalog/48098348619,DRB00300,"Vitashine D3 및 Quatrefolic 함유 종합비타민, 베지 캡슐 90정",닥터스베스트 VitashineD3 및 Quatrefolic 종합비타민 90캡슐,상품구성: 2개,58320,0,58320,"배송비
무료",아이허브 공식스토어,2025-08-29 18:21:48
https://search.shopping.naver.com/catalog/35363211619,NOW00068,"L-카르니틴, 1,000mg, 100정",나우푸드 L-카르니틴 1000mg x 100정,상품구성: 1개,32370,0,32370,"배송비
무료",wellness store,2025-08-29 18:22:01
https://search.shopping.naver.com/catalog/35363211619,NOW00068,"L-카르니틴, 1,000mg, 100정",나우푸드 L-카르니틴 1000mg x 100정,상품구성: 2개,35650,0,35650,"배송비
무료",아이스스토어,2025-08-29 18:22:05
https://search.shopping.naver.com/catalog/35363211619,NOW00068,"L-카르니틴, 1,000mg, 100정",나우푸드 L-카르니틴 1000mg x 100정,상품구성: 3개,39750,0,39750,"배송비
무료",웰기분wellgiven,2025-08-29 18:22:09
https://search.shopping.naver.com/catalog/35363211619,NOW00068,"L-카르니틴, 1,000mg, 100정",나우푸드 L-카르니틴 1000mg x 100정,상품구성: 6개,491880,5000,496880,"배송비
5,000원 포함",엘로우프리지어2,2025-08-29 18:22:13
https://search.shopping.naver.com/catalog/35325780619,NOW04777,"마카, 무가공, 750mg, 베지 캡슐 90정",나우푸드 로우 마카 750mg x 90베지캡슐,상품구성: 1개,16300,0,16300,"배송비
무료",세이브비타,2025-08-29 18:22:25
https://search.shopping.naver.com/catalog/35325780619,NOW04777,"마카, 무가공, 750mg, 베지 캡슐 90정",나우푸드 로우 마카 750mg x 90베지캡슐,상품구성: 2개,34700,0,34700,"배송비
무료",럭키오,2025-08-29 18:22:30
https://search.shopping.naver.com/catalog/35325780619,NOW04777,"마카, 무가공, 750mg, 베지 캡슐 90정",나우푸드 로우 마카 750mg x 90베지캡슐,상품구성: 3개,51420,0,51420,"배송비
무료",온투넷직구,2025-08-29 18:22:34
https://search.shopping.naver.com/catalog/35325780619,NOW04777,"마카, 무가공, 750mg, 베지 캡슐 90정",나우푸드 로우 마카 750mg x 90베지캡슐,상품구성: 4개,67620,0,67620,"배송비
무료",옥션,2025-08-29 18:22:38
https://search.shopping.naver.com/catalog/35325780619,NOW04777,"마카, 무가공, 750mg, 베지 캡슐 90정",나우푸드 로우 마카 750mg x 90베지캡슐,상품구성: 5개,91970,0,91970,"배송비
무료",옥션,2025-08-29 18:22:42
https://search.shopping.naver.com/catalog/35325780619,NOW04777,"마카, 무가공, 750mg, 베지 캡슐 90정",나우푸드 로우 마카 750mg x 90베지캡슐,상품구성: 6개,109240,0,109240,"배송비
무료",옥션,2025-08-29 18:22:46
https://search.shopping.naver.com/catalog/53531804087,JRW03042,"우먼스 Fem Dophilus, 베지 캡슐 60정",자로우포뮬러스 자로우 펨 도필러스 여성 유산균 134mg x 60캡슐 1개,개당 수량: 60캡슐 | 수량: 1개,30700,0,30700,"배송비
무료",건강한언니들,2025-08-29 18:23:04
https://search.shopping.naver.com/catalog/53531804087,JRW03042,"우먼스 Fem Dophilus, 베지 캡슐 60정",자로우포뮬러스 자로우 펨 도필러스 여성 유산균 134mg x 60캡슐 1개,개당 수량: 60캡슐 | 수량: 2개,57400,0,57400,"배송비
무료",옥션,2025-08-29 18:23:09
https://search.shopping.naver.com/catalog/53531804087,JRW03042,"우먼스 Fem Dophilus, 베지 캡슐 60정",자로우포뮬러스 자로우 펨 도필러스 여성 유산균 134mg x 60캡슐 1개,개당 수량: 60캡슐 | 수량: 3개,82330,0,82330,"배송비
무료",옥션,2025-08-29 18:23:14
https://search.shopping.naver.com/catalog/53531804087,JRW03042,"우먼스 Fem Dophilus, 베지 캡슐 60정",자로우포뮬러스 자로우 펨 도필러스 여성 유산균 134mg x 60캡슐 1개,개당 수량: 60캡슐 | 수량: 4개,107260,0,107260,"배송비
무료",G마켓,2025-08-29 18:23:20
https://search.shopping.naver.com/catalog/53531804087,JRW03042,"우먼스 Fem Dophilus, 베지 캡슐 60정",자로우포뮬러스 자로우 펨 도필러스 여성 유산균 134mg x 60캡슐 1개,개당 수량: 60캡슐 | 수량: 5개,138990,0,138990,"배송비
무료",G마켓,2025-08-29 18:23:25
https://search.shopping.naver.com/catalog/53531804087,JRW03042,"우먼스 Fem Dophilus, 베지 캡슐 60정",자로우포뮬러스 자로우 펨 도필러스 여성 유산균 134mg x 60캡슐 1개,개당 수량: 60캡슐 | 수량: 6개,170790,0,170790,"배송비
무료",옥션,2025-08-29 18:23:30
https://search.shopping.naver.com/catalog/51929191181,CGN00944,"CoQ10, 100mg, 베지 소프트젤 120정",캘리포니아골드뉴트리션 코큐텐 100mg x 120정 1개,개당 수량: 120정 | 수량: 1개,27360,4500,31860,"배송비
4,500원 포함",아이허브 공식스토어,2025-08-29 18:23:46
https://search.shopping.naver.com/catalog/51929191181,CGN00944,"CoQ10, 100mg, 베지 소프트젤 120정",캘리포니아골드뉴트리션 코큐텐 100mg x 120정 1개,개당 수량: 120정 | 수량: 2개,45720,0,45720,"배송비
무료",아이허브 공식스토어,2025-08-29 18:23:52
https://search.shopping.naver.com/catalog/51929191181,CGN00944,"CoQ10, 100mg, 베지 소프트젤 120정",캘리포니아골드뉴트리션 코큐텐 100mg x 120정 1개,개당 수량: 120정 | 수량: 3개,84900,0,84900,"배송비
무료",기니스토어,2025-08-29 18:23:57
https://search.shopping.naver.com/catalog/51929191181,CGN00944,"CoQ10, 100mg, 베지 소프트젤 120정",캘리포니아골드뉴트리션 코큐텐 100mg x 120정 1개,개당 수량: 120정 | 수량: 4개,179900,0,179900,"배송비
무료",기니스토어,2025-08-29 18:24:02
https://search.shopping.naver.com/catalog/51929191181,CGN00944,"CoQ10, 100mg, 베지 소프트젤 120정",캘리포니아골드뉴트리션 코큐텐 100mg x 120정 1개,개당 수량: 120정 | 수량: 5개,169500,0,169500,"배송비
무료",기니스토어,2025-08-29 18:24:07
https://search.shopping.naver.com/catalog/51929191181,CGN00944,"CoQ10, 100mg, 베지 소프트젤 120정",캘리포니아골드뉴트리션 코큐텐 100mg x 120정 1개,개당 수량: 120정 | 수량: 6개,159590,0,159590,"배송비
무료",기니스토어,2025-08-29 18:24:12
https://search.shopping.naver.com/catalog/36563743622,NFS03544,"WellBetX 베르베린, 500mg, 베지 캡슐 60정",네추럴팩터스 WellBetX 베르베린 500mg 60캡슐,상품구성: 1개,21680,0,21680,"배송비
무료",세이브비타,2025-08-29 18:24:25
https://search.shopping.naver.com/catalog/36563743622,NFS03544,"WellBetX 베르베린, 500mg, 베지 캡슐 60정",네추럴팩터스 WellBetX 베르베린 500mg 60캡슐,상품구성: 2개,40770,0,40770,"배송비
무료",옥션,2025-08-29 18:24:29
https://search.shopping.naver.com/catalog/36563743622,NFS03544,"WellBetX 베르베린, 500mg, 베지 캡슐 60정",네추럴팩터스 WellBetX 베르베린 500mg 60캡슐,상품구성: 3개,61830,0,61830,"배송비
무료",아이허브 공식스토어,2025-08-29 18:24:33
https://search.shopping.naver.com/catalog/36563743622,NFS03544,"WellBetX 베르베린, 500mg, 베지 캡슐 60정",네추럴팩터스 WellBetX 베르베린 500mg 60캡슐,상품구성: 4개,83450,0,83450,"배송비
무료",나미의 다락방,2025-08-29 18:24:37
https://search.shopping.naver.com/catalog/36563743622,NFS03544,"WellBetX 베르베린, 500mg, 베지 캡슐 60정",네추럴팩터스 WellBetX 베르베린 500mg 60캡슐,상품구성: 6개,155140,0,155140,"배송비
무료",11번가,2025-08-29 18:24:41
https://search.shopping.naver.com/catalog/53547335588,CGN01252,"DHA 700 피쉬 오일, 제약 등급, 1,000mg, 피쉬 젤라틴 소프트젤 30정",캘리포니아골드뉴트리션 DHA 700 1000mg x 30캡슐 1개,개당 수량: 30캡슐 | 수량: 1개,16000,4500,20500,"배송비
4,500원 포함",아이허브 공식스토어,2025-08-29 18:24:58
https://search.shopping.naver.com/catalog/53547335588,CGN01252,"DHA 700 피쉬 오일, 제약 등급, 1,000mg, 피쉬 젤라틴 소프트젤 30정",캘리포니아골드뉴트리션 DHA 700 1000mg x 30캡슐 1개,개당 수량: 30캡슐 | 수량: 2개,26810,4500,31310,"배송비
4,500원 포함",옥션,2025-08-29 18:25:03
https://search.shopping.naver.com/catalog/53547335588,CGN01252,"DHA 700 피쉬 오일, 제약 등급, 1,000mg, 피쉬 젤라틴 소프트젤 30정",캘리포니아골드뉴트리션 DHA 700 1000mg x 30캡슐 1개,개당 수량: 30캡슐 | 수량: 3개,53100,0,53100,"배송비
무료",핑크 비타민,2025-08-29 18:25:08
https://search.shopping.naver.com/catalog/53549289863,NOW03033,"베타글루칸, ImmunEnhancer 함유, 엑스트라 스트렝스, 250mg, 베지 캡슐 60정",나우푸드 베타글루칸 엑스트라 스트렝스 250mg x 60정 1개,개당 수량: 60정 | 수량: 1개,16900,0,16900,"배송비
무료",스튜디오아파트먼트,2025-08-29 18:25:27
https://search.shopping.naver.com/catalog/53549289863,NOW03033,"베타글루칸, ImmunEnhancer 함유, 엑스트라 스트렝스, 250mg, 베지 캡슐 60정",나우푸드 베타글루칸 엑스트라 스트렝스 250mg x 60정 1개,개당 수량: 60정 | 수량: 2개,30140,0,30140,"배송비
무료",G마켓,2025-08-29 18:25:32
https://search.shopping.naver.com/catalog/53549289863,NOW03033,"베타글루칸, ImmunEnhancer 함유, 엑스트라 스트렝스, 250mg, 베지 캡슐 60정",나우푸드 베타글루칸 엑스트라 스트렝스 250mg x 60정 1개,개당 수량: 60정 | 수량: 3개,30900,0,30900,"배송비
무료",쿠팡,2025-08-29 18:25:37
https://search.shopping.naver.com/catalog/53549289863,NOW03033,"베타글루칸, ImmunEnhancer 함유, 엑스트라 스트렝스, 250mg, 베지 캡슐 60정",나우푸드 베타글루칸 엑스트라 스트렝스 250mg x 60정 1개,개당 수량: 60정 | 수량: 4개,62570,0,62570,"배송비
무료",페스트직구,2025-08-29 18:25:42
https://search.shopping.naver.com/catalog/53549289863,NOW03033,"베타글루칸, ImmunEnhancer 함유, 엑스트라 스트렝스, 250mg, 베지 캡슐 60정",나우푸드 베타글루칸 엑스트라 스트렝스 250mg x 60정 1개,개당 수량: 60정 | 수량: 6개,104800,5000,109800,"배송비
5,000원 포함",싸다구미쿡,2025-08-29 18:25:47
https://search.shopping.naver.com/catalog/54368039618,CGN01898,"L-글루타치온(환원형), 500mg, 베지 캡슐 120정",캘리포니아골드뉴트리션 L 글루타치온 120캡슐,상품구성: 1개,45010,0,45010,"배송비
무료",아이허브 공식스토어,2025-08-29 18:25:59
https://search.shopping.naver.com/catalog/54368039618,CGN01898,"L-글루타치온(환원형), 500mg, 베지 캡슐 120정",캘리포니아골드뉴트리션 L 글루타치온 120캡슐,상품구성: 2개,90020,0,90020,"배송비
무료",아이허브 공식스토어,2025-08-29 18:26:03
https://search.shopping.naver.com/catalog/54368039618,CGN01898,"L-글루타치온(환원형), 500mg, 베지 캡슐 120정",캘리포니아골드뉴트리션 L 글루타치온 120캡슐,상품구성: 3개,135040,0,135040,"배송비
무료",아이허브 공식스토어,2025-08-29 18:26:07
https://search.shopping.naver.com/catalog/35366617619,NWY15786,"Alive 어린이용 츄어블 종합비타민, 오렌지 & 베리 과일 맛, 츄어블 120정",네이쳐스웨이 얼라이브 키즈 멀티비타민 오렌지 베리 후르츠맛 120정,상품구성: 1개,18690,0,18690,"배송비
무료",페스트직구,2025-08-29 18:26:20
https://search.shopping.naver.com/catalog/35366617619,NWY15786,"Alive 어린이용 츄어블 종합비타민, 오렌지 & 베리 과일 맛, 츄어블 120정",네이쳐스웨이 얼라이브 키즈 멀티비타민 오렌지 베리 후르츠맛 120정,상품구성: 2개,38680,4500,43180,"배송비
4,500원 포함",옥션,2025-08-29 18:26:24
https://search.shopping.naver.com/catalog/35366617619,NWY15786,"Alive 어린이용 츄어블 종합비타민, 오렌지 & 베리 과일 맛, 츄어블 120정",네이쳐스웨이 얼라이브 키즈 멀티비타민 오렌지 베리 후르츠맛 120정,상품구성: 3개,51270,0,51270,"배송비
무료",옥션,2025-08-29 18:26:28
https://search.shopping.naver.com/catalog/53530269531,NOW00104,"글루타치온, 500mg, 베지 캡슐 60정",나우푸드 글루타치온 500mg x 60캡슐 1개,개당 수량: 60캡슐 | 수량: 1개,26600,2500,29100,"배송비
2,500원 포함",뉴트리픽,2025-08-29 18:26:44
https://search.shopping.naver.com/catalog/53530269531,NOW00104,"글루타치온, 500mg, 베지 캡슐 60정",나우푸드 글루타치온 500mg x 60캡슐 1개,개당 수량: 60캡슐 | 수량: 2개,45450,6500,51950,"배송비
6,500원 포함",옥션,2025-08-29 18:26:49
https://search.shopping.naver.com/catalog/53530269531,NOW00104,"글루타치온, 500mg, 베지 캡슐 60정",나우푸드 글루타치온 500mg x 60캡슐 1개,개당 수량: 60캡슐 | 수량: 3개,70520,15000,85520,"배송비
15,000원 포함",G마켓,2025-08-29 18:26:55
https://search.shopping.naver.com/catalog/53530269531,NOW00104,"글루타치온, 500mg, 베지 캡슐 60정",나우푸드 글루타치온 500mg x 60캡슐 1개,개당 수량: 60캡슐 | 수량: 4개,92130,0,92130,"배송비
무료",G마켓,2025-08-29 18:27:00
https://search.shopping.naver.com/catalog/53530269531,NOW00104,"글루타치온, 500mg, 베지 캡슐 60정",나우푸드 글루타치온 500mg x 60캡슐 1개,개당 수량: 60캡슐 | 수량: 6개,150390,0,150390,"배송비
무료",G마켓,2025-08-29 18:27:05
https://search.shopping.naver.com/catalog/53530269531,NOW00104,"글루타치온, 500mg, 베지 캡슐 60정",나우푸드 글루타치온 500mg x 60캡슐 1개,개당 수량: 30캡슐 | 수량: 1개,18900,0,18900,"배송비
무료",굿 굿 즈,2025-08-29 18:27:21
https://search.shopping.naver.com/catalog/53530269531,NOW00104,"글루타치온, 500mg, 베지 캡슐 60정",나우푸드 글루타치온 500mg x 60캡슐 1개,개당 수량: 30캡슐 | 수량: 2개,34520,0,34520,"배송비
무료",아이허브 공식스토어,2025-08-29 18:27:27
https://search.shopping.naver.com/catalog/53530269531,NOW00104,"글루타치온, 500mg, 베지 캡슐 60정",나우푸드 글루타치온 500mg x 60캡슐 1개,개당 수량: 30캡슐 | 수량: 3개,49800,0,49800,"배송비
무료",사가람,2025-08-29 18:27:32
https://search.shopping.naver.com/catalog/51929613785,DRB00257,"Q-C를 함유한 비타민C, 1,000mg, 베지 캡슐 120정",닥터스베스트 비타민C 1000mg x 120캡슐 1개,개당 수량: 120캡슐 | 수량: 1개,20010,0,20010,"배송비
무료",세이브비타,2025-08-29 18:27:49
https://search.shopping.naver.com/catalog/51929613785,DRB00257,"Q-C를 함유한 비타민C, 1,000mg, 베지 캡슐 120정",닥터스베스트 비타민C 1000mg x 120캡슐 1개,개당 수량: 120캡슐 | 수량: 2개,34260,0,34260,"배송비
무료",콘샌드,2025-08-29 18:27:54
https://search.shopping.naver.com/catalog/51929613785,DRB00257,"Q-C를 함유한 비타민C, 1,000mg, 베지 캡슐 120정",닥터스베스트 비타민C 1000mg x 120캡슐 1개,개당 수량: 120캡슐 | 수량: 3개,55800,0,55800,"배송비
무료",PLAINLIVING,2025-08-29 18:27:59
https://search.shopping.naver.com/catalog/51929613785,DRB00257,"Q-C를 함유한 비타민C, 1,000mg, 베지 캡슐 120정",닥터스베스트 비타민C 1000mg x 120캡슐 1개,개당 수량: 120캡슐 | 수량: 4개,87900,0,87900,"배송비
무료",기니스토어,2025-08-29 18:28:04
https://search.shopping.naver.com/catalog/51929613785,DRB00257,"Q-C를 함유한 비타민C, 1,000mg, 베지 캡슐 120정",닥터스베스트 비타민C 1000mg x 120캡슐 1개,개당 수량: 120캡슐 | 수량: 5개,110700,0,110700,"배송비
무료",인생아이템,2025-08-29 18:28:09
https://search.shopping.naver.com/catalog/51929613785,DRB00257,"Q-C를 함유한 비타민C, 1,000mg, 베지 캡슐 120정",닥터스베스트 비타민C 1000mg x 120캡슐 1개,개당 수량: 360캡슐 | 수량: 1개,43990,0,43990,"배송비
무료",비타케어365,2025-08-29 18:28:26
https://search.shopping.naver.com/catalog/51929613785,DRB00257,"Q-C를 함유한 비타민C, 1,000mg, 베지 캡슐 120정",닥터스베스트 비타민C 1000mg x 120캡슐 1개,개당 수량: 360캡슐 | 수량: 2개,98700,6600,105300,"배송비
6,600원 포함",강시2023,2025-08-29 18:28:31
https://search.shopping.naver.com/catalog/51929613785,DRB00257,"Q-C를 함유한 비타민C, 1,000mg, 베지 캡슐 120정",닥터스베스트 비타민C 1000mg x 120캡슐 1개,개당 수량: 360캡슐 | 수량: 3개,163000,9900,172900,"배송비
9,900원 포함",까까조,2025-08-29 18:28:36
https://search.shopping.naver.com/catalog/51929613785,DRB00257,"Q-C를 함유한 비타민C, 1,000mg, 베지 캡슐 120정",닥터스베스트 비타민C 1000mg x 120캡슐 1개,개당 수량: 360캡슐 | 수량: 4개,215900,0,215900,"배송비
무료",기니스토어,2025-08-29 18:28:42
https://search.shopping.naver.com/catalog/51929613785,DRB00257,"Q-C를 함유한 비타민C, 1,000mg, 베지 캡슐 120정",닥터스베스트 비타민C 1000mg x 120캡슐 1개,개당 수량: 360캡슐 | 수량: 5개,269900,0,269900,"배송비
무료",기니스토어,2025-08-29 18:28:47
https://search.shopping.naver.com/catalog/51929613785,DRB00257,"Q-C를 함유한 비타민C, 1,000mg, 베지 캡슐 120정",닥터스베스트 비타민C 1000mg x 120캡슐 1개,개당 수량: 360캡슐 | 수량: 6개,323900,0,323900,"배송비
무료",기니스토어,2025-08-29 18:28:52
https://search.shopping.naver.com/catalog/25274389524,NOW01665,"울트라 오메가3, 500 EPA/250 DHA, 피쉬 소프트젤 180정",나우푸드 울트라 오메가3 180정,상품구성: 1개,35790,0,35790,"배송비
무료",사가람,2025-08-29 18:29:05
https://search.shopping.naver.com/catalog/25274389524,NOW01665,"울트라 오메가3, 500 EPA/250 DHA, 피쉬 소프트젤 180정",나우푸드 울트라 오메가3 180정,상품구성: 2개,69790,0,69790,"배송비
무료",11번가,2025-08-29 18:29:09
https://search.shopping.naver.com/catalog/25274389524,NOW01665,"울트라 오메가3, 500 EPA/250 DHA, 피쉬 소프트젤 180정",나우푸드 울트라 오메가3 180정,상품구성: 3개,99800,0,99800,"배송비
무료",PLAINLIVING,2025-08-29 18:29:14
https://search.shopping.naver.com/catalog/25274389524,NOW01665,"울트라 오메가3, 500 EPA/250 DHA, 피쉬 소프트젤 180정",나우푸드 울트라 오메가3 180정,상품구성: 4개,100800,9900,110700,"배송비
9,900원 포함",밍밍이하우스,2025-08-29 18:29:18
https://search.shopping.naver.com/catalog/25274389524,NOW01665,"울트라 오메가3, 500 EPA/250 DHA, 피쉬 소프트젤 180정",나우푸드 울트라 오메가3 180정,상품구성: 5개,0,0,0,가격 정보 없음,쇼핑몰 정보 없음,2025-08-29 18:29:22
https://search.shopping.naver.com/catalog/39702268477,JRW03024,"Jarro-Dophilus EPS, 100억, 베지 캡슐 120정(캡슐당 50억)",자로우포뮬러스 도피러스 EPS 100 억 유산균 120 베지캡슐,상품구성: 1개,32000,0,32000,"배송비
무료",직구준맘,2025-08-29 18:29:34
https://search.shopping.naver.com/catalog/39702268477,JRW03024,"Jarro-Dophilus EPS, 100억, 베지 캡슐 120정(캡슐당 50억)",자로우포뮬러스 도피러스 EPS 100 억 유산균 120 베지캡슐,상품구성: 2개,62400,9900,72300,"배송비
9,900원 포함",로쿠벨 RokuBelle,2025-08-29 18:29:38
https://search.shopping.naver.com/catalog/39702268477,JRW03024,"Jarro-Dophilus EPS, 100억, 베지 캡슐 120정(캡슐당 50억)",자로우포뮬러스 도피러스 EPS 100 억 유산균 120 베지캡슐,상품구성: 3개,105690,0,105690,"배송비
무료",슈잘나,2025-08-29 18:29:42
https://search.shopping.naver.com/catalog/39702268477,JRW03024,"Jarro-Dophilus EPS, 100억, 베지 캡슐 120정(캡슐당 50억)",자로우포뮬러스 도피러스 EPS 100 억 유산균 120 베지캡슐,상품구성: 4개,133190,0,133190,"배송비
무료",슈잘나,2025-08-29 18:29:46
https://search.shopping.naver.com/catalog/54367632832,CGN01900,S-아세틸 L-글루타치온 100mg 베지 캡슐 120정,캘리포니아골드뉴트리션 S-아세틸 L-글루타치온 120정,기본 구성,44940,0,44940,"배송비
무료",아이허브 공식스토어,2025-08-29 18:29:57
https://search.shopping.naver.com/catalog/35368456619,NOW02811,"D-마노스, 500mg, 베지 캡슐 120정",나우푸드 D-마노스 500mg x 120캡슐,상품구성: 1개,20490,0,20490,"배송비
무료",11번가,2025-08-29 18:30:10
https://search.shopping.naver.com/catalog/35368456619,NOW02811,"D-마노스, 500mg, 베지 캡슐 120정",나우푸드 D-마노스 500mg x 120캡슐,상품구성: 2개,31780,0,31780,"배송비
무료",쿠팡,2025-08-29 18:30:14
https://search.shopping.naver.com/catalog/35368456619,NOW02811,"D-마노스, 500mg, 베지 캡슐 120정",나우푸드 D-마노스 500mg x 120캡슐,상품구성: 3개,55600,9900,65500,"배송비
9,900원 포함",현성플래닛,2025-08-29 18:30:18
https://search.shopping.naver.com/catalog/35368456619,NOW02811,"D-마노스, 500mg, 베지 캡슐 120정",나우푸드 D-마노스 500mg x 120캡슐,상품구성: 4개,73980,0,73980,"배송비
무료",웰니스 플래닛,2025-08-29 18:30:22
https://search.shopping.naver.com/catalog/35368456619,NOW02811,"D-마노스, 500mg, 베지 캡슐 120정",나우푸드 D-마노스 500mg x 120캡슐,상품구성: 6개,0,0,0,가격 정보 없음,쇼핑몰 정보 없음,2025-08-29 18:30:26
https://search.shopping.naver.com/catalog/53647991113,GOL11415,RAW 유기농 단백질 유기농 식물 포뮬라 무맛 560g,"가든오브라이프 RAW 유기농 단백질 유기농 식물 포뮬라 무맛 560g, 1개",기본 구성,46380,0,46380,"배송비
무료",아이허브 공식스토어,2025-08-29 18:30:36
https://search.shopping.naver.com/catalog/35416886618,LEX18739,"표준화된 유러피안 빌베리 추출물, 100mg, 베지 캡슐 90정",라이프익스텐션 빌베리 추출물 90캡슐,상품구성: 1개,28840,0,28840,"배송비
무료",G마켓,2025-08-29 18:30:49
https://search.shopping.naver.com/catalog/35416886618,LEX18739,"표준화된 유러피안 빌베리 추출물, 100mg, 베지 캡슐 90정",라이프익스텐션 빌베리 추출물 90캡슐,상품구성: 2개,54560,0,54560,"배송비
무료",G마켓,2025-08-29 18:30:54
https://search.shopping.naver.com/catalog/35416886618,LEX18739,"표준화된 유러피안 빌베리 추출물, 100mg, 베지 캡슐 90정",라이프익스텐션 빌베리 추출물 90캡슐,상품구성: 3개,94000,0,94000,"배송비
무료",옥션,2025-08-29 18:30:58
https://search.shopping.naver.com/catalog/35416886618,LEX18739,"표준화된 유러피안 빌베리 추출물, 100mg, 베지 캡슐 90정",라이프익스텐션 빌베리 추출물 90캡슐,상품구성: 4개,213400,18800,232200,"배송비
18,800원 포함",쿠팡,2025-08-29 18:31:02
https://search.shopping.naver.com/catalog/35887756620,NOW03070,"브로멜라인 함유 퀘르세틴, 베지 캡슐 120정",나우푸드 케르세틴 브로멜라인 120베지캡슐,상품구성: 1개,26920,0,26920,"배송비
무료",G마켓,2025-08-29 18:31:16
https://search.shopping.naver.com/catalog/35887756620,NOW03070,"브로멜라인 함유 퀘르세틴, 베지 캡슐 120정",나우푸드 케르세틴 브로멜라인 120베지캡슐,상품구성: 2개,52490,0,52490,"배송비
무료",쿠팡,2025-08-29 18:31:20
https://search.shopping.naver.com/catalog/35887756620,NOW03070,"브로멜라인 함유 퀘르세틴, 베지 캡슐 120정",나우푸드 케르세틴 브로멜라인 120베지캡슐,상품구성: 3개,79270,0,79270,"배송비
무료",웰기분wellgiven,2025-08-29 18:31:24
https://search.shopping.naver.com/catalog/35887756620,NOW03070,"브로멜라인 함유 퀘르세틴, 베지 캡슐 120정",나우푸드 케르세틴 브로멜라인 120베지캡슐,상품구성: 4개,96790,0,96790,"배송비
무료",크로스에이치,2025-08-29 18:31:28
https://search.shopping.naver.com/catalog/35887756620,NOW03070,"브로멜라인 함유 퀘르세틴, 베지 캡슐 120정",나우푸드 케르세틴 브로멜라인 120베지캡슐,상품구성: 5개,180880,5000,185880,"배송비
5,000원 포함",엘로우프리지어2,2025-08-29 18:31:33
https://search.shopping.naver.com/catalog/35887756620,NOW03070,"브로멜라인 함유 퀘르세틴, 베지 캡슐 120정",나우푸드 케르세틴 브로멜라인 120베지캡슐,상품구성: 6개,214880,5000,219880,"배송비
5,000원 포함",엘로우프리지어2,2025-08-29 18:31:37
https://search.shopping.naver.com/catalog/36216592618,LEX16039,"Neuro-Mag, 마그네슘 L-트레온산, 베지 캡슐 90정",라이프익스텐션 뉴로-매그 마그네슘 L-트레오네이트 90베지캡슐,상품구성: 1개,35740,0,35740,"배송비
무료",웰니스 플래닛,2025-08-29 18:31:49
https://search.shopping.naver.com/catalog/36216592618,LEX16039,"Neuro-Mag, 마그네슘 L-트레온산, 베지 캡슐 90정",라이프익스텐션 뉴로-매그 마그네슘 L-트레오네이트 90베지캡슐,상품구성: 2개,67600,0,67600,"배송비
무료",뉴트리픽,2025-08-29 18:31:53
https://search.shopping.naver.com/catalog/36216592618,LEX16039,"Neuro-Mag, 마그네슘 L-트레온산, 베지 캡슐 90정",라이프익스텐션 뉴로-매그 마그네슘 L-트레오네이트 90베지캡슐,상품구성: 3개,98370,0,98370,"배송비
무료",더블루블랑,2025-08-29 18:31:57
https://search.shopping.naver.com/catalog/36216592618,LEX16039,"Neuro-Mag, 마그네슘 L-트레온산, 베지 캡슐 90정",라이프익스텐션 뉴로-매그 마그네슘 L-트레오네이트 90베지캡슐,상품구성: 4개,131910,0,131910,"배송비
무료",웰기분wellgiven,2025-08-29 18:32:01
https://search.shopping.naver.com/catalog/36216592618,LEX16039,"Neuro-Mag, 마그네슘 L-트레온산, 베지 캡슐 90정",라이프익스텐션 뉴로-매그 마그네슘 L-트레오네이트 90베지캡슐,상품구성: 6개,0,0,0,가격 정보 없음,쇼핑몰 정보 없음,2025-08-29 18:32:06
https://search.shopping.naver.com/catalog/51929228950,DRB00327,"Q-C를 함유한 비타민C, 1,000mg, 베지 캡슐 360정",닥터스베스트 비타민C 1000mg x 360캡슐 1개,개당 수량: 120캡슐 | 수량: 1개,20010,0,20010,"배송비
무료",세이브비타,2025-08-29 18:32:24
https://search.shopping.naver.com/catalog/51929228950,DRB00327,"Q-C를 함유한 비타민C, 1,000mg, 베지 캡슐 360정",닥터스베스트 비타민C 1000mg x 360캡슐 1개,개당 수량: 120캡슐 | 수량: 2개,34260,0,34260,"배송비
무료",콘샌드,2025-08-29 18:32:29
https://search.shopping.naver.com/catalog/51929228950,DRB00327,"Q-C를 함유한 비타민C, 1,000mg, 베지 캡슐 360정",닥터스베스트 비타민C 1000mg x 360캡슐 1개,개당 수량: 120캡슐 | 수량: 3개,55800,0,55800,"배송비
무료",PLAINLIVING,2025-08-29 18:32:35
https://search.shopping.naver.com/catalog/51929228950,DRB00327,"Q-C를 함유한 비타민C, 1,000mg, 베지 캡슐 360정",닥터스베스트 비타민C 1000mg x 360캡슐 1개,개당 수량: 120캡슐 | 수량: 4개,87900,0,87900,"배송비
무료",기니스토어,2025-08-29 18:32:40
https://search.shopping.naver.com/catalog/51929228950,DRB00327,"Q-C를 함유한 비타민C, 1,000mg, 베지 캡슐 360정",닥터스베스트 비타민C 1000mg x 360캡슐 1개,개당 수량: 120캡슐 | 수량: 5개,110700,0,110700,"배송비
무료",인생아이템,2025-08-29 18:32:45
https://search.shopping.naver.com/catalog/51929228950,DRB00327,"Q-C를 함유한 비타민C, 1,000mg, 베지 캡슐 360정",닥터스베스트 비타민C 1000mg x 360캡슐 1개,개당 수량: 360캡슐 | 수량: 1개,43990,0,43990,"배송비
무료",비타케어365,2025-08-29 18:33:01
https://search.shopping.naver.com/catalog/51929228950,DRB00327,"Q-C를 함유한 비타민C, 1,000mg, 베지 캡슐 360정",닥터스베스트 비타민C 1000mg x 360캡슐 1개,개당 수량: 360캡슐 | 수량: 2개,98700,6600,105300,"배송비
6,600원 포함",강시2023,2025-08-29 18:33:07
https://search.shopping.naver.com/catalog/51929228950,DRB00327,"Q-C를 함유한 비타민C, 1,000mg, 베지 캡슐 360정",닥터스베스트 비타민C 1000mg x 360캡슐 1개,개당 수량: 360캡슐 | 수량: 3개,163000,9900,172900,"배송비
9,900원 포함",까까조,2025-08-29 18:33:12
https://search.shopping.naver.com/catalog/51929228950,DRB00327,"Q-C를 함유한 비타민C, 1,000mg, 베지 캡슐 360정",닥터스베스트 비타민C 1000mg x 360캡슐 1개,개당 수량: 360캡슐 | 수량: 4개,215900,0,215900,"배송비
무료",기니스토어,2025-08-29 18:33:17
https://search.shopping.naver.com/catalog/51929228950,DRB00327,"Q-C를 함유한 비타민C, 1,000mg, 베지 캡슐 360정",닥터스베스트 비타민C 1000mg x 360캡슐 1개,개당 수량: 360캡슐 | 수량: 5개,269900,0,269900,"배송비
무료",기니스토어,2025-08-29 18:33:22
https://search.shopping.naver.com/catalog/51929228950,DRB00327,"Q-C를 함유한 비타민C, 1,000mg, 베지 캡슐 360정",닥터스베스트 비타민C 1000mg x 360캡슐 1개,개당 수량: 360캡슐 | 수량: 6개,323900,0,323900,"배송비
무료",기니스토어,2025-08-29 18:33:27
https://search.shopping.naver.com/catalog/53664308495,CGN01064,스포츠 분리유청단백질 무맛 454g(1lb),"캘리포니아골드뉴트리션 웨이 프로틴 아이솔레이트 454g, 1개",용량: 454g | 수량: 1개,35500,0,35500,"배송비
무료",비타민해외직구,2025-08-29 18:33:45
https://search.shopping.naver.com/catalog/53664308495,CGN01064,스포츠 분리유청단백질 무맛 454g(1lb),"캘리포니아골드뉴트리션 웨이 프로틴 아이솔레이트 454g, 1개",용량: 454g | 수량: 2개,58810,0,58810,"배송비
무료",옥션,2025-08-29 18:33:50
https://search.shopping.naver.com/catalog/53664308495,CGN01064,스포츠 분리유청단백질 무맛 454g(1lb),"캘리포니아골드뉴트리션 웨이 프로틴 아이솔레이트 454g, 1개",용량: 454g | 수량: 3개,88210,0,88210,"배송비
무료",옥션,2025-08-29 18:33:55
https://search.shopping.naver.com/catalog/53664308495,CGN01064,스포츠 분리유청단백질 무맛 454g(1lb),"캘리포니아골드뉴트리션 웨이 프로틴 아이솔레이트 454g, 1개",용량: 454g | 수량: 6개,219700,19900,239600,"배송비
19,900원 포함",해피굿드림,2025-08-29 18:34:00
https://search.shopping.naver.com/catalog/51929507810,DRB00329,"고흡수율 CoQ10, BioPerine 함유, 200mg, 베지 캡슐 180정",닥터스베스트 코엔자임큐텐 CoQ10 200mg x 180정 1개,개당 수량: 60캡슐 | 수량: 1개,23700,0,23700,"배송비
무료",땡쓰마켓GO,2025-08-29 18:34:19
https://search.shopping.naver.com/catalog/51929507810,DRB00329,"고흡수율 CoQ10, BioPerine 함유, 200mg, 베지 캡슐 180정",닥터스베스트 코엔자임큐텐 CoQ10 200mg x 180정 1개,개당 수량: 60캡슐 | 수량: 2개,43160,0,43160,"배송비
무료",G마켓,2025-08-29 18:34:24
https://search.shopping.naver.com/catalog/51929507810,DRB00329,"고흡수율 CoQ10, BioPerine 함유, 200mg, 베지 캡슐 180정",닥터스베스트 코엔자임큐텐 CoQ10 200mg x 180정 1개,개당 수량: 60캡슐 | 수량: 3개,64280,0,64280,"배송비
무료",G마켓,2025-08-29 18:34:29
https://search.shopping.naver.com/catalog/51929507810,DRB00329,"고흡수율 CoQ10, BioPerine 함유, 200mg, 베지 캡슐 180정",닥터스베스트 코엔자임큐텐 CoQ10 200mg x 180정 1개,개당 수량: 180정 | 수량: 1개,44010,0,44010,"배송비
무료",비타케어365,2025-08-29 18:34:46
https://search.shopping.naver.com/catalog/51929507810,DRB00329,"고흡수율 CoQ10, BioPerine 함유, 200mg, 베지 캡슐 180정",닥터스베스트 코엔자임큐텐 CoQ10 200mg x 180정 1개,개당 수량: 180정 | 수량: 2개,109200,19900,129100,"배송비
19,900원 포함",월간직구,2025-08-29 18:34:51
https://search.shopping.naver.com/catalog/51929507810,DRB00329,"고흡수율 CoQ10, BioPerine 함유, 200mg, 베지 캡슐 180정",닥터스베스트 코엔자임큐텐 CoQ10 200mg x 180정 1개,개당 수량: 180정 | 수량: 3개,234820,6000,240820,"배송비
6,000원 포함",피스망고팜,2025-08-29 18:34:57
https://search.shopping.naver.com/catalog/35911088619,SOR57445,"비타민D3 + K2, 대두 무함유, 베지 캡슐 120정",솔라레이 비타민D3 + K2 120캡슐,상품구성: 1개,24700,5000,29700,"배송비
5,000원 포함",헬로플레이,2025-08-29 18:35:09
https://search.shopping.naver.com/catalog/35911088619,SOR57445,"비타민D3 + K2, 대두 무함유, 베지 캡슐 120정",솔라레이 비타민D3 + K2 120캡슐,상품구성: 2개,0,0,0,가격 정보 없음,쇼핑몰 정보 없음,2025-08-29 18:35:13
https://search.shopping.naver.com/catalog/35911088619,SOR57445,"비타민D3 + K2, 대두 무함유, 베지 캡슐 120정",솔라레이 비타민D3 + K2 120캡슐,상품구성: 3개,0,0,0,가격 정보 없음,쇼핑몰 정보 없음,2025-08-29 18:35:15
https://search.shopping.naver.com/catalog/35911088619,SOR57445,"비타민D3 + K2, 대두 무함유, 베지 캡슐 120정",솔라레이 비타민D3 + K2 120캡슐,상품구성: 4개,0,0,0,가격 정보 없음,쇼핑몰 정보 없음,2025-08-29 18:35:17
https://search.shopping.naver.com/catalog/55565023022,PIF50720,"유기농 목초 사육 오리지널 기, 425g(15oz)",퓨어인디안푸드 오리지널 기버터 425g 1개,용량: 425g | 수량: 1개,30900,4500,35400,"배송비
4,500원 포함",아이허브 공식스토어,2025-08-29 18:35:34
https://search.shopping.naver.com/catalog/55565023022,PIF50720,"유기농 목초 사육 오리지널 기, 425g(15oz)",퓨어인디안푸드 오리지널 기버터 425g 1개,용량: 425g | 수량: 2개,50800,9900,60700,"배송비
9,900원 포함",하루의스토어,2025-08-29 18:35:39
https://search.shopping.naver.com/catalog/55037999355,AGE12159,"리포소말 글루타치온, 1,000mg, 캡슐 60정(캡슐당 500mg)",코드에이지 리포조말 리포좀 리포소말 글루타치온 1000mg 60캡슐,기본 구성,63660,0,63660,"배송비
무료",아이허브 공식스토어,2025-08-29 18:35:50
https://search.shopping.naver.com/catalog/35367425620,LEX19251,"Advanced Milk Thistle, 소프트젤 120정",라이프익스텐션 유로피안 밀크 시슬 소프트젤 120캡슐,상품구성: 1개,29740,0,29740,"배송비
무료",쿠팡,2025-08-29 18:36:02
https://search.shopping.naver.com/catalog/35367425620,LEX19251,"Advanced Milk Thistle, 소프트젤 120정",라이프익스텐션 유로피안 밀크 시슬 소프트젤 120캡슐,상품구성: 2개,59380,0,59380,"배송비
무료",쿠팡,2025-08-29 18:36:06
https://search.shopping.naver.com/catalog/35367425620,LEX19251,"Advanced Milk Thistle, 소프트젤 120정",라이프익스텐션 유로피안 밀크 시슬 소프트젤 120캡슐,상품구성: 3개,88730,0,88730,"배송비
무료",쿠팡,2025-08-29 18:36:10
https://search.shopping.naver.com/catalog/35367425620,LEX19251,"Advanced Milk Thistle, 소프트젤 120정",라이프익스텐션 유로피안 밀크 시슬 소프트젤 120캡슐,상품구성: 4개,113390,0,113390,"배송비
무료",쿠팡,2025-08-29 18:36:14
https://search.shopping.naver.com/catalog/35367425620,LEX19251,"Advanced Milk Thistle, 소프트젤 120정",라이프익스텐션 유로피안 밀크 시슬 소프트젤 120캡슐,상품구성: 5개,277700,0,277700,"배송비
무료",쿠팡,2025-08-29 18:36:19
https://search.shopping.naver.com/catalog/35367425620,LEX19251,"Advanced Milk Thistle, 소프트젤 120정",라이프익스텐션 유로피안 밀크 시슬 소프트젤 120캡슐,상품구성: 6개,290400,0,290400,"배송비
무료",웰스히어로,2025-08-29 18:36:23
https://search.shopping.naver.com/catalog/36514982621,LEX19936,"MacuGuard, 사프란 & 아스타잔틴 함유 안구 보충제, 소프트젤 60정",라이프익스텐션 마쿠가드 오쿨러 서포트 아스타잔틴 60소프트젤,상품구성: 1개,32070,0,32070,"배송비
무료",더블루블랑,2025-08-29 18:36:35
https://search.shopping.naver.com/catalog/36514982621,LEX19936,"MacuGuard, 사프란 & 아스타잔틴 함유 안구 보충제, 소프트젤 60정",라이프익스텐션 마쿠가드 오쿨러 서포트 아스타잔틴 60소프트젤,상품구성: 2개,48800,9900,58700,"배송비
9,900원 포함",브라키오글로벌,2025-08-29 18:36:39
https://search.shopping.naver.com/catalog/36514982621,LEX19936,"MacuGuard, 사프란 & 아스타잔틴 함유 안구 보충제, 소프트젤 60정",라이프익스텐션 마쿠가드 오쿨러 서포트 아스타잔틴 60소프트젤,상품구성: 3개,79790,0,79790,"배송비
무료",쿠팡,2025-08-29 18:36:43
https://search.shopping.naver.com/catalog/36514982621,LEX19936,"MacuGuard, 사프란 & 아스타잔틴 함유 안구 보충제, 소프트젤 60정",라이프익스텐션 마쿠가드 오쿨러 서포트 아스타잔틴 60소프트젤,상품구성: 4개,104740,0,104740,"배송비
무료",헬로 유로,2025-08-29 18:36:47
https://search.shopping.naver.com/catalog/48094301622,LEX23483,"NAD+ 세포 재생제 및 레스베라트롤, NIAGEN 니코틴아미드 리보사이드, 베지 캡슐 30정",라이프익스텐션 NAD+레스베라트롤 NIAGEN 니코틴아미드 리보사이드 베지캡슐 30캡슐,기본 구성,56300,0,56300,"배송비
무료",텍사스 제이,2025-08-29 18:36:58
https://search.shopping.naver.com/catalog/55396544476,CGN01202,"스포츠, 다크 초콜릿 분리유청단백질, 907g(2lb)","캘리포니아골드뉴트리션 웨이 프로틴 아이솔레이트 다크 초콜릿 907g, 1개",맛: 오리지널 | 용량: 2.27kg,94720,0,94720,"배송비
무료",옥션,2025-08-29 18:37:17
https://search.shopping.naver.com/catalog/55396544476,CGN01202,"스포츠, 다크 초콜릿 분리유청단백질, 907g(2lb)","캘리포니아골드뉴트리션 웨이 프로틴 아이솔레이트 다크 초콜릿 907g, 1개",맛: 다크 초코 | 용량: 907g,51040,0,51040,"배송비
무료",아이허브 공식스토어,2025-08-29 18:37:34
https://search.shopping.naver.com/catalog/55396544476,CGN01202,"스포츠, 다크 초콜릿 분리유청단백질, 907g(2lb)","캘리포니아골드뉴트리션 웨이 프로틴 아이솔레이트 다크 초콜릿 907g, 1개",맛: 다크 초코 | 용량: 2.27kg,106500,0,106500,"배송비
무료",아이허브 공식스토어,2025-08-29 18:37:39
https://search.shopping.naver.com/catalog/35326261618,JRW03029,"사카로미세스 보울라디 플러스 MOS, 50억, 지연 방출 베지 캡슐 180정",자로우포뮬러스 사카로미세스 보울라디 + MOS 50억 180베지캡슐,상품구성: 1개,39110,0,39110,"배송비
무료",착한농부 스토어,2025-08-29 18:37:51
https://search.shopping.naver.com/catalog/35326261618,JRW03029,"사카로미세스 보울라디 플러스 MOS, 50억, 지연 방출 베지 캡슐 180정",자로우포뮬러스 사카로미세스 보울라디 + MOS 50억 180베지캡슐,상품구성: 2개,74660,0,74660,"배송비
무료",G마켓,2025-08-29 18:37:55
https://search.shopping.naver.com/catalog/35326261618,JRW03029,"사카로미세스 보울라디 플러스 MOS, 50억, 지연 방출 베지 캡슐 180정",자로우포뮬러스 사카로미세스 보울라디 + MOS 50억 180베지캡슐,상품구성: 3개,111800,0,111800,"배송비
무료",나미의 다락방,2025-08-29 18:37:59
https://search.shopping.naver.com/catalog/35326261618,JRW03029,"사카로미세스 보울라디 플러스 MOS, 50억, 지연 방출 베지 캡슐 180정",자로우포뮬러스 사카로미세스 보울라디 + MOS 50억 180베지캡슐,상품구성: 4개,0,0,0,가격 정보 없음,쇼핑몰 정보 없음,2025-08-29 18:38:04
https://search.shopping.naver.com/catalog/51385347334,CMV00555,"마누카 꿀, UMF 15+, MGO 514+, 250g(8.8oz)",콤비타 마누카 꿀 UMF 15 MGO 514 250g 8 8oz,기본 구성,71600,0,71600,"배송비
무료",아이허브 공식스토어,2025-08-29 18:38:14
https://search.shopping.naver.com/catalog/29437043621,JRW23014,"비건 매스틱 검, 1,000mg, 베지 캡슐 120정",자로우포뮬러스 매스틱 검 1000mg x 120베지캡슐,상품구성: 1개,42550,5000,47550,"배송비
5,000원 포함",11번가,2025-08-29 18:38:26
https://search.shopping.naver.com/catalog/29437043621,JRW23014,"비건 매스틱 검, 1,000mg, 베지 캡슐 120정",자로우포뮬러스 매스틱 검 1000mg x 120베지캡슐,상품구성: 2개,61390,9800,71190,"배송비
9,800원 포함",G마켓,2025-08-29 18:38:30
https://search.shopping.naver.com/catalog/29437043621,JRW23014,"비건 매스틱 검, 1,000mg, 베지 캡슐 120정",자로우포뮬러스 매스틱 검 1000mg x 120베지캡슐,상품구성: 3개,116170,0,116170,"배송비
무료",G마켓,2025-08-29 18:38:34
https://search.shopping.naver.com/catalog/29437043621,JRW23014,"비건 매스틱 검, 1,000mg, 베지 캡슐 120정",자로우포뮬러스 매스틱 검 1000mg x 120베지캡슐,상품구성: 4개,152360,0,152360,"배송비
무료",G마켓,2025-08-29 18:38:39
https://search.shopping.naver.com/catalog/29437043621,JRW23014,"비건 매스틱 검, 1,000mg, 베지 캡슐 120정",자로우포뮬러스 매스틱 검 1000mg x 120베지캡슐,상품구성: 5개,188600,0,188600,"배송비
무료",G마켓,2025-08-29 18:38:43
https://search.shopping.naver.com/catalog/29437043621,JRW23014,"비건 매스틱 검, 1,000mg, 베지 캡슐 120정",자로우포뮬러스 매스틱 검 1000mg x 120베지캡슐,상품구성: 6개,224850,0,224850,"배송비
무료",옥션,2025-08-29 18:38:47
https://search.shopping.naver.com/catalog/49209826138,CMV00008,"마누카 꿀, UMF 10+, MGO 263+, 500g(17.6oz)",콤비타 뉴질랜드 마누카 꿀 UMF 10 MGO 263 500g 품질인증 벌꿀,기본 구성,61990,0,61990,"배송비
무료",옥션,2025-08-29 18:38:57
https://search.shopping.naver.com/catalog/25416771519,NWY10486,네이처스 웨이 삼부커스 구미젤리 엘더베리 구미젤리 60개,네이쳐스웨이 삼부커스 엘더베리 비타민C 아연 함유 구미젤리 60구미,기본 구성,26460,4500,30960,"배송비
4,500원 포함",11번가,2025-08-29 18:39:08
https://search.shopping.naver.com/catalog/35909652620,NOW03071,"브로멜라인 함유 퀘르세틴, 베지 캡슐 240정",나우푸드 케르세틴 브로멜라인 240베지캡슐,상품구성: 1개,33580,0,33580,"배송비
무료",옥션,2025-08-29 18:39:22
https://search.shopping.naver.com/catalog/35909652620,NOW03071,"브로멜라인 함유 퀘르세틴, 베지 캡슐 240정",나우푸드 케르세틴 브로멜라인 240베지캡슐,상품구성: 2개,73900,0,73900,"배송비
무료",G마켓,2025-08-29 18:39:26
https://search.shopping.naver.com/catalog/35909652620,NOW03071,"브로멜라인 함유 퀘르세틴, 베지 캡슐 240정",나우푸드 케르세틴 브로멜라인 240베지캡슐,상품구성: 3개,60900,0,60900,"배송비
무료",G마켓,2025-08-29 18:39:30
https://search.shopping.naver.com/catalog/35909652620,NOW03071,"브로멜라인 함유 퀘르세틴, 베지 캡슐 240정",나우푸드 케르세틴 브로멜라인 240베지캡슐,상품구성: 4개,250880,5000,255880,"배송비
5,000원 포함",엘로우프리지어2,2025-08-29 18:39:34
